Date,Adj Close,Close,High,Low,Open,Volume,Prev_Close,Daily_Return,Daily_Return_pct,MA5,MA10,Close_to_MA5,Close_to_MA10,Volatility_5d,Volume_change_pct,article_count,mean_sentiment,positive_count,negative_count,Next_Return,Target
2023-01-17,131.49000549316406,131.49000549316406,131.6999969482422,125.0199966430664,125.69999694824219,186477000,122.4000015258789,0.07426473736900463,7.426473736900463,123.90400085449218,118.44299926757813,0.06122485623027285,0.11015430465511145,0.03588481286649263,3.1889597989310126,3.0,0.0,0.0,0.0,-0.020609982513142944,0
2023-01-18,128.77999877929688,128.77999877929688,136.67999267578125,127.01000213623047,136.55999755859375,195680300,131.49000549316406,-0.020609982513142944,-2.0609982513142944,125.89000091552734,120.5109992980957,0.02295653223252203,0.0686161390193687,0.038676277300688344,4.935353957860755,3.0,-0.6308616995811462,0.0,2.0,-0.012501946153228194,0
2023-01-19,127.16999816894531,127.16999816894531,129.99000549316406,124.30999755859375,127.26000213623047,170291900,128.77999877929688,-0.012501946153228194,-1.2501946153228194,126.68000030517578,121.86399917602539,0.0038679970207540215,0.04354033208163233,0.038580082051573567,-12.97442818720127,3.0,-0.2901804248491923,0.0,1.0,0.0491468120625187,1
2023-01-20,133.4199981689453,133.4199981689453,133.50999450683594,127.3499984741211,128.67999267578125,138858100,127.16999816894531,0.0491468120625187,4.91468120625187,128.6520004272461,124.17199935913087,0.03706120173697225,0.07447732868557067,0.04269230894957585,-18.458775784403137,1.0,0.0,0.0,0.0,0.07742468874848996,1
2023-01-23,143.75,143.75,145.3800048828125,134.27000427246094,135.8699951171875,203119200,133.4199981689453,0.07742468874848996,7.742468874848996,132.9220001220703,127.24099960327149,0.08146130714242705,0.12974591875419406,0.04711693967311806,46.2782509626734,3.0,-0.1721610426902771,0.0,1.0,0.0009739087975544347,1
2023-01-24,143.88999938964844,143.88999938964844,146.5,141.10000610351562,143.0,158699100,143.75,0.0009739087975544347,0.09739087975544347,135.4019989013672,129.6529998779297,0.06268740902757486,0.10980848514976982,0.042451365214482346,-21.86898136660641,1.0,0.0,0.0,0.0,0.003752820129427681,1
2023-01-25,144.42999267578125,144.42999267578125,146.41000366210938,138.07000732421875,141.91000366210938,192734300,143.88999938964844,0.003752820129427681,0.3752820129427681,138.53199768066406,132.21099929809571,0.04257496530666449,0.09242039953223102,0.037943415040975245,21.446372411689786,3.0,0.5818382898966471,2.0,0.0,0.10967259156647335,1
2023-01-26,160.27000427246094,160.27000427246094,161.4199981689453,154.75999450683594,159.97000122070312,234815100,144.42999267578125,0.10967259156647335,10.967259156647335,145.1519989013672,135.91599960327147,0.10415292579860802,0.17918423688364116,0.04700987587160746,21.83358125668342,2.0,0.3740916848182678,1.0,0.0,0.11000180416824756,1
2023-01-27,177.89999389648438,177.89999389648438,180.67999267578125,161.1699981689453,162.42999267578125,306590600,160.27000427246094,0.11000180416824756,11.000180416824756,154.047998046875,141.34999923706056,0.15483483168896162,0.25857796149064827,0.05458553956429621,30.566816188567092,1.0,-0.7344281077384949,0.0,1.0,-0.06318150994943417,0
2023-01-30,166.66000366210938,166.66000366210938,179.77000427246094,166.5,178.0500030517578,230878800,177.89999389648438,-0.06318150994943417,-6.318150994943417,158.62999877929687,145.7759994506836,0.05062097298496937,0.14326092285507452,0.07572492453667704,-24.69475580790801,3.0,0.19596179326375326,1.0,0.0,0.03936155894904236,1
2023-01-31,173.22000122070312,173.22000122070312,174.3000030517578,162.77999877929688,164.57000732421875,196813500,166.66000366210938,0.03936155894904236,3.9361558949042363,164.49599914550782,149.9489990234375,0.05303473713958429,0.1551927812044167,0.07368035933206896,-14.754624504285363,3.0,-0.3156825105349223,0.0,1.0,0.047280928205116535,1
2023-02-01,181.41000366210938,181.41000366210938,183.80999755859375,169.92999267578125,173.88999938964844,213806300,173.22000122070312,0.047280928205116535,4.7280928205116535,171.89200134277343,155.21199951171874,0.05537199081390587,0.16878852300599756,0.07085589961432653,8.633960576891319,1.0,-0.9354658722877502,0.0,1.0,0.03781489703913388,1
2023-02-02,188.27000427246094,188.27000427246094,196.75,182.61000061035156,187.3300018310547,217448300,181.41000366210938,0.03781489703913388,3.7814897039133877,177.49200134277345,161.3220001220703,0.0607238796573879,0.1670448180037405,0.062128649647784036,1.7034109846155054,3.0,-0.6980622013409933,0.0,3.0,0.009082654784473565,1
2023-02-03,189.97999572753906,189.97999572753906,199.0,183.69000244140625,183.9499969482422,232662000,188.27000427246094,0.009082654784473565,0.9082654784473565,179.9080017089844,166.97799987792968,0.0559841359076787,0.13775464951326,0.04554974815774192,6.996467666107309,1.0,-0.8034854531288147,0.0,1.0,0.025160537355481072,1
2023-02-06,194.75999450683594,194.75999450683594,198.1699981689453,189.9199981689453,193.00999450683594,186188100,189.97999572753906,0.025160537355481072,2.516053735548107,185.5279998779297,172.0789993286133,0.049760654106013824,0.13180571288021925,0.01494287125326086,-19.974856229208036,3.0,0.0,0.0,0.0,0.010525791279409002,1
2023-02-07,196.80999755859375,196.80999755859375,197.5,189.5500030517578,196.42999267578125,186010300,194.75999450683594,0.010525791279409002,1.0525791279409002,190.24599914550782,177.37099914550782,0.03450268832232051,0.10959513396628595,0.016724371768308852,-0.09549482485722294,1.0,0.7317602634429932,1.0,0.0,0.022763049555982517,1
2023-02-08,201.2899932861328,201.2899932861328,203.0,194.30999755859375,196.10000610351562,180673600,196.80999755859375,0.022763049555982517,2.2763049555982517,194.2219970703125,183.05699920654297,0.036391327050671496,0.09960282403087795,0.011777810391594675,-2.869034671735915,2.0,0.4273994266986847,1.0,0.0,0.029956849516678652,1
2023-02-09,207.32000732421875,207.32000732421875,214.0,204.77000427246094,207.77999877929688,215431400,201.2899932861328,0.029956849516678652,2.995684951667865,198.03199768066406,187.76199951171876,0.04690156011318969,0.10416382368829291,0.009234342913175285,19.237896405451593,2.0,0.0,0.0,0.0,-0.05030873801899527,0
2023-02-10,196.88999938964844,196.88999938964844,206.1999969482422,192.88999938964844,202.22999572753906,204754100,207.32000732421875,-0.05030873801899527,-5.030873801899527,199.41399841308595,189.66100006103517,-0.012657080463373771,0.03811537072084881,0.03316662312128437,-4.956241290731067,1.0,0.0,0.0,0.0,-0.011427700782035255,0
2023-02-13,194.63999938964844,194.63999938964844,196.3000030517578,187.61000061035156,194.4199981689453,172475500,196.88999938964844,-0.011427700782035255,-1.1427700782035255,199.38999938964844,192.45899963378906,-0.023822659183209804,0.011332282512168224,0.03235532196675491,-15.764568328546291,3.0,0.0,0.0,0.0,0.0750616556523096,1
2023-02-14,209.25,209.25,209.82000732421875,189.44000244140625,191.94000244140625,216455700,194.63999938964844,0.0750616556523096,7.50616556523096,201.87799987792968,196.06199951171874,0.03651710501653471,0.06726443941776195,0.047007955193948917,25.49938976840189,3.0,0.277121623357137,1.0,0.0,0.02384709913101113,1
2023-02-15,214.24000549316406,214.24000549316406,214.66000366210938,206.11000061035156,211.75999450683594,181006400,209.25,0.02384709913101113,2.384709913101113,204.46800231933594,199.34499969482422,0.04779233456081955,0.07471973624190476,0.047065501201265084,-16.377161700985464,0.0,0.0,0.0,0.0,-0.05694553722096751,0
2023-02-16,202.0399932861328,202.0399932861328,217.64999389648438,201.83999633789062,210.77999877929688,229586500,214.24000549316406,-0.05694553722096751,-5.694553722096751,203.41199951171876,200.7219985961914,-0.006744962091122408,0.00656626926375381,0.054838617566026544,26.838885254886023,3.0,-0.37329880396525067,1.0,2.0,0.031033480898909227,1
2023-02-17,208.30999755859375,208.30999755859375,208.44000244140625,197.5,199.99000549316406,213738500,202.0399932861328,0.031033480898909227,3.1033480898909227,205.6959991455078,202.55499877929688,0.01270806638896671,0.028412030381770537,0.04945010485943515,-6.902844897239168,2.0,0.0,0.0,0.0,-0.05251789433835996,0
2023-02-21,197.3699951171875,197.3699951171875,209.7100067138672,197.22000122070312,204.99000549316406,180018600,208.30999755859375,-0.05251789433835996,-5.251789433835996,206.24199829101562,202.81599884033204,-0.04301744187577827,-0.026851943408231493,0.05719060319316459,-15.776240593061154,3.0,0.0,0.0,0.0,0.017682553475729224,1
2023-02-22,200.86000061035156,200.86000061035156,201.99000549316406,191.77999877929688,197.92999267578125,191828500,197.3699951171875,0.017682553475729224,1.7682553475729224,204.56399841308593,203.22099914550782,-0.01810679216024469,-0.011617886660746923,0.0435115812368355,6.560377649865079,1.0,0.0,0.0,0.0,0.006024129792842503,1
2023-02-23,202.07000732421875,202.07000732421875,205.13999938964844,196.3300018310547,203.91000366210938,146360000,200.86000061035156,0.006024129792842503,0.6024129792842503,202.12999877929687,203.29900054931642,-0.0002967963955891051,-0.00604524971483833,0.04096961072001365,-23.702682343864446,2.0,-0.43350550532341003,0.0,1.0,-0.025684180003413215,0
2023-02-24,196.8800048828125,196.8800048828125,197.6699981689453,192.8000030517578,196.3300018310547,142228100,202.07000732421875,-0.025684180003413215,-2.5684180003413215,201.0980010986328,202.25500030517577,-0.02097482915183979,-0.026575340111508305,0.033984385592002245,-2.8231074063951866,0.0,0.0,0.0,0.0,0.0546017865369246,1
2023-02-27,207.6300048828125,207.6300048828125,209.4199981689453,201.25999450683594,202.02999877929688,161028300,196.8800048828125,0.0546017865369246,5.46017865369246,200.96200256347657,203.3290008544922,0.033180413383021135,0.021152929539048904,0.041073476826264804,13.218344335612997,3.0,0.17538889249165854,1.0,0.0,-0.009247209573726933,0
2023-02-28,205.7100067138672,205.7100067138672,211.22999572753906,203.75,210.58999633789062,153144900,207.6300048828125,-0.009247209573726933,-0.9247209573726933,202.6300048828125,204.43600158691407,0.0152001271126454,0.006231804168853605,0.030410490376380092,-4.895661197441692,1.0,0.6629412770271301,1.0,0.0,-0.014291975817664837,0
2023-03-01,202.77000427246094,202.77000427246094,207.1999969482422,198.52000427246094,206.2100067138672,156852800,205.7100067138672,-0.014291975817664837,-1.4291975817664837,203.0120056152344,203.78800201416016,-0.0011920543420083085,-0.0049953762323480255,0.03138905127325803,2.421171060871119,2.0,0.12888294458389282,1.0,1.0,-0.05853928157947319,0
2023-03-02,190.89999389648438,190.89999389648438,193.75,186.00999450683594,186.74000549316406,181500700,202.77000427246094,-0.05853928157947319,-5.853928157947319,200.7780029296875,201.4540008544922,-0.04919866165150766,-0.05238916533422855,0.04120811729652801,15.714032519661746,2.0,0.0,0.0,0.0,0.03609219282314147,1
2023-03-03,197.7899932861328,197.7899932861328,200.47999572753906,192.8800048828125,194.8000030517578,154193300,190.89999389648438,0.03609219282314147,3.6092192823141467,200.96000061035156,201.02900085449218,-0.015774319837733253,-0.016112140808498654,0.04468158180552419,-15.04534142292564,2.0,-0.4372875690460205,0.0,1.0,-0.020122331071529054,0
2023-03-06,193.80999755859375,193.80999755859375,198.60000610351562,192.3000030517578,198.5399932861328,128100100,197.7899932861328,-0.020122331071529054,-2.0122331071529054,198.1959991455078,199.5790008544922,-0.022129617176046223,-0.028905863198024906,0.03372722935271307,-16.922395460762562,3.0,-0.3078254858652751,0.0,1.0,-0.03147407730028162,0
2023-03-07,187.7100067138672,187.7100067138672,194.1999969482422,186.10000610351562,191.3800048828125,148125800,193.80999755859375,-0.03147407730028162,-3.147407730028162,194.59599914550782,198.61300201416014,-0.03538609458507769,-0.05489567747188895,0.034527702779582746,15.63285274562627,2.0,-0.4540071189403534,0.0,1.0,-0.03041929843714275,0
2023-03-08,182.0,182.0,186.5,180.0,185.0399932861328,151897800,187.7100067138672,-0.03041929843714275,-3.041929843714275,190.44199829101564,196.727001953125,-0.044328448382038976,-0.07486009448074682,0.03488501901327072,2.5464841371320768,1.0,0.0,0.0,0.0,-0.04989011995084991,0
2023-03-09,172.9199981689453,172.9199981689453,185.17999267578125,172.50999450683594,180.25,170023800,182.0,-0.04989011995084991,-4.989011995084991,186.84599914550782,193.81200103759767,-0.07453197307006565,-0.10779519718492303,0.03269739832512507,11.933023388093833,2.0,0.0,0.0,0.0,0.0030071956856769777,1
2023-03-10,173.44000244140625,173.44000244140625,178.2899932861328,168.44000244140625,175.1300048828125,191488900,172.9199981689453,0.0030071956856769777,0.30071956856769777,181.9760009765625,191.46800079345704,-0.046907276175695456,-0.09415671693098315,0.019338790959556377,12.624761945092388,2.0,0.0,0.0,0.0,0.005996271168666301,1
2023-03-13,174.47999572753906,174.47999572753906,177.35000610351562,163.91000366210938,167.4600067138672,167790300,173.44000244140625,0.005996271168666301,0.5996271168666301,178.11000061035156,188.1529998779297,-0.020380690979580618,-0.0726696048389418,0.024172437591302425,-12.375965395383226,3.0,0.0,0.0,0.0,0.050320947926932424,1
2023-03-14,183.25999450683594,183.25999450683594,183.8000030517578,177.13999938964844,177.30999755859375,143717900,174.47999572753906,0.050320947926932424,5.0320947926932424,177.21999816894532,185.90799865722656,0.03408191174978259,-0.014243626791297759,0.03841705352095778,-14.346717301298106,2.0,0.0,0.0,0.0,-0.015333393227232373,0
2023-03-15,180.4499969482422,180.4499969482422,182.33999633789062,176.02999877929688,180.8000030517578,145995600,183.25999450683594,-0.015333393227232373,-1.5333393227232373,176.90999755859374,183.67599792480468,0.020010171491161577,-0.01756354130648674,0.03638122262334398,1.5848408583760243,1.0,0.0,0.0,0.0,0.020393505108375454,1
2023-03-16,184.1300048828125,184.1300048828125,185.80999755859375,178.83999633789062,180.3699951171875,121136800,180.4499969482422,0.020393505108375454,2.0393505108375454,179.1519989013672,182.9989990234375,0.027786494217047375,0.006180393692919228,0.024490461601625158,-17.027088487598252,2.0,-0.4534033238887787,0.0,1.0,-0.02172378153438792,0
2023-03-17,180.1300048828125,180.1300048828125,186.22000122070312,177.3300018310547,184.52000427246094,133197100,184.1300048828125,-0.02172378153438792,-2.172378153438792,180.48999938964843,181.23300018310547,-0.001994539908323434,-0.006086062136468451,0.02905427229400982,9.955934117460586,1.0,0.0,0.0,0.0,0.017320796272765726,1
2023-03-20,183.25,183.25,186.44000244140625,176.35000610351562,178.0800018310547,129684400,180.1300048828125,0.017320796272765726,1.7320796272765726,182.24400024414064,180.1770004272461,0.005520070644365216,0.017055448617010027,0.02930608149136896,-2.6372195791049546,3.0,0.0,0.0,0.0,0.07819919143822474,1
2023-03-21,197.5800018310547,197.5800018310547,198.0,188.0399932861328,188.27999877929688,153391400,183.25,0.07819919143822474,7.8199191438224736,185.10800170898438,181.16399993896485,0.06737688272210973,0.09061403975194016,0.039668597240796126,18.28053335636359,1.0,0.0,0.0,0.0,-0.03254381959196684,0
2023-03-22,191.14999389648438,191.14999389648438,200.66000366210938,190.9499969482422,199.3000030517578,150376400,197.5800018310547,-0.03254381959196684,-3.254381959196684,187.2480010986328,182.0789993286133,0.020838635258894955,0.04981900494466074,0.043594719465157465,-1.965559998800459,3.0,-0.6087287465731303,0.0,2.0,0.0055977366381618765,1
2023-03-23,192.22000122070312,192.22000122070312,199.30999755859375,188.64999389648438,195.25999450683594,144193900,191.14999389648438,0.0055977366381618765,0.5597736638161876,188.86600036621093,184.00899963378907,0.017758627005330707,0.0446228260751127,0.04341225129262196,-4.111349919269247,2.0,0.0,0.0,0.0,-0.009416281069083654,0
2023-03-24,190.41000366210938,190.41000366210938,192.36000061035156,187.14999389648438,191.64999389648438,116312400,192.22000122070312,-0.009416281069083654,-0.9416281069083654,190.9220001220703,185.70599975585938,-0.002681704882798064,0.025330381960917636,0.04151596029031139,-19.33611616025366,3.0,-0.3117549618085225,0.0,1.0,0.007352522816861606,1
2023-03-27,191.80999755859375,191.80999755859375,197.38999938964844,189.94000244140625,194.4199981689453,120851600,190.41000366210938,0.007352522816861606,0.7352522816861606,192.63399963378907,187.43899993896486,-0.004277552647828586,0.02331957394700246,0.041425704267966636,3.902593360639117,3.0,-0.12575153509775797,1.0,1.0,-0.013659325116185062,0
2023-03-28,189.19000244140625,189.19000244140625,192.35000610351562,185.42999267578125,192.0,98654600,191.80999755859375,-0.013659325116185062,-1.3659325116185062,190.95599975585938,188.03200073242186,-0.009248189722820932,0.0061585352731117204,0.016245048489865164,-18.367154427413457,2.0,0.08592832088470459,1.0,1.0,0.024789906342217005,1
2023-03-29,193.8800048828125,193.8800048828125,195.2899932861328,189.44000244140625,193.1300048828125,123660000,189.19000244140625,0.024789906342217005,2.4789906342217005,191.502001953125,189.3750015258789,0.012417640053024481,0.023788796412592905,0.015265707924770416,25.346410608324387,2.0,0.0,0.0,0.0,0.007220929756684091,1
2023-03-30,195.27999877929688,195.27999877929688,197.3300018310547,194.4199981689453,195.5800018310547,110252200,193.8800048828125,0.007220929756684091,0.7220929756684091,192.11400146484374,190.49000091552733,0.016479784348422344,0.025145665603170775,0.015353551777838011,-10.842471292252952,2.0,-0.3695715069770813,0.0,1.0,0.06237201971890638,1
2023-03-31,207.4600067138672,207.4600067138672,207.7899932861328,197.1999969482422,197.52999877929688,170222100,195.27999877929688,0.06237201971890638,6.237201971890638,195.5240020751953,193.2230010986328,0.061046237351880084,0.07368173320093985,0.028487315776264552,54.39338171936705,1.0,-0.5846393704414368,0.0,1.0,-0.061168427796826186,0
2023-04-03,194.77000427246094,194.77000427246094,202.69000244140625,192.1999969482422,199.91000366210938,169545900,207.4600067138672,-0.061168427796826186,-6.116842779682619,196.11600341796876,194.3750015258789,-0.006863280517904413,0.002032168455208705,0.04584927327304177,-0.3972457160380416,3.0,0.26764994859695435,1.0,0.0,-0.011244043709844997,0
2023-04-04,192.5800018310547,192.5800018310547,198.74000549316406,190.32000732421875,197.32000732421875,126463800,194.77000427246094,-0.011244043709844997,-1.1244043709844997,196.79400329589845,193.8750015258789,-0.021413261554050544,-0.006679559946522362,0.045630076834120986,-25.41028712578718,1.0,0.0,0.0,0.0,-0.036660076287605925,0
2023-04-05,185.52000427246094,185.52000427246094,190.67999267578125,183.75999450683594,190.52000427246094,133882500,192.5800018310547,-0.036660076287605925,-3.6660076287605925,195.12200317382812,193.31200256347657,-0.049210231266501814,-0.04030788666863572,0.04701768073071866,5.866263705503072,3.0,-0.2604687213897705,0.0,1.0,-0.002479553165553039,0
2023-04-06,185.05999755859375,185.05999755859375,186.38999938964844,179.74000549316406,183.0800018310547,123857900,185.52000427246094,-0.002479553165553039,-0.2479553165553039,193.0780029296875,192.59600219726562,-0.04152728560183849,-0.039128562133668554,0.046434489393771754,-7.487610404645862,1.0,0.0,0.0,0.0,-0.0029720256079851515,0
2023-04-10,184.50999450683594,184.50999450683594,185.10000610351562,176.11000061035156,179.94000244140625,142154600,185.05999755859375,-0.0029720256079851515,-0.29720256079851515,188.48800048828124,192.0060012817383,-0.021104823496138847,-0.03904048167694074,0.025513683967572465,14.772331841570052,3.0,-0.1326617399851481,1.0,1.0,0.012357047570192181,1
2023-04-11,186.7899932861328,186.7899932861328,189.19000244140625,185.64999389648438,186.69000244140625,115770900,184.50999450683594,0.012357047570192181,1.2357047570192181,186.89199829101562,191.50400085449218,-0.0005457965339102921,-0.02461571323484324,0.018040853479480853,-18.559863697692514,3.0,-0.25977404912312824,1.0,2.0,-0.03346003653646468,0
2023-04-12,180.5399932861328,180.5399932861328,191.5800018310547,180.30999755859375,190.74000549316406,150256300,186.7899932861328,-0.03346003653646468,-3.3460036536464677,184.48399658203124,190.63899993896484,-0.021378565994718768,-0.05297450498620604,0.02140090383196089,29.787623660177132,0.0,0.0,0.0,0.0,0.029688716127604264,1
2023-04-13,185.89999389648438,185.89999389648438,186.5,180.94000244140625,182.9600067138672,112933000,180.5399932861328,0.029688716127604264,2.9688716127604264,184.55999450683595,189.84099884033202,0.007260508395814824,-0.020759503837009752,0.023273950448253273,-24.839757134975372,3.0,-0.5213342706362406,0.0,2.0,-0.004841279860318459,0
2023-04-14,185.0,185.0,186.27999877929688,182.00999450683594,183.9499969482422,96438700,185.89999389648438,-0.004841279860318459,-0.4841279860318459,184.5479949951172,188.81299896240233,0.002449254487401964,-0.020194578674965102,0.023376495325567334,-14.605385494054001,1.0,0.6461721658706665,1.0,0.0,0.011026990735853115,1
2023-04-17,187.0399932861328,187.0399932861328,189.69000244140625,182.69000244140625,186.32000732421875,116662200,185.0,0.011026990735853115,1.1026990735853115,185.05399475097656,186.7709976196289,0.010731994939254141,0.0014402432386839692,0.023743862228048175,20.970315858674994,3.0,-0.3118856151898702,0.0,1.0,-0.014595786064655836,0
2023-04-18,184.30999755859375,184.30999755859375,187.69000244140625,183.5800018310547,187.14999389648438,92067000,187.0399932861328,-0.014595786064655836,-1.4595786064655836,184.55799560546876,185.7249969482422,-0.0013437404652202334,-0.007618788062453308,0.024131857143638115,-21.082407155016792,2.0,-0.8844729363918304,0.0,2.0,-0.020183393575926356,0
2023-04-19,180.58999633789062,180.58999633789062,183.5,177.64999389648438,179.10000610351562,125732700,184.30999755859375,-0.020183393575926356,-2.0183393575926356,184.5679962158203,184.52599639892577,-0.02155303172538159,-0.021330328180566682,0.02028927558101135,36.56652220665384,1.0,-0.9526070356369019,0.0,1.0,-0.09745828230593856,0
2023-04-20,162.99000549316406,162.99000549316406,169.6999969482422,160.55999755859375,166.1699981689453,210970800,180.58999633789062,-0.09745828230593856,-9.745828230593856,179.98599853515626,182.2729965209961,-0.09442952885400369,-0.1057918144534965,0.042088439216939694,67.79310394193396,2.0,-0.946927547454834,0.0,2.0,0.012822849668400638,1
2023-04-21,165.0800018310547,165.0800018310547,166.0,161.32000732421875,164.8000030517578,123539000,162.99000549316406,0.012822849668400638,1.2822849668400638,176.0019989013672,180.27499694824218,-0.062056096740317535,-0.08428786783754627,0.04487473630757905,-41.4426072233693,1.0,-0.9167925715446472,0.0,1.0,-0.015325895028073244,0
2023-04-24,162.5500030517578,162.5500030517578,165.64999389648438,158.61000061035156,164.64999389648438,140006600,165.0800018310547,-0.015325895028073244,-1.5325895028073244,171.1040008544922,178.07899780273436,-0.049992973630165194,-0.08720284223622299,0.04149346577267864,13.329879633152286,3.0,-0.7798759341239929,0.0,3.0,-0.011565701922588656,0
2023-04-25,160.6699981689453,160.6699981689453,163.47000122070312,158.75,159.82000732421875,121999300,162.5500030517578,-0.011565701922588656,-1.1565701922588656,166.3760009765625,175.4669982910156,-0.03429582856977664,-0.08432924861191948,0.041740367287681525,-12.86175080317642,2.0,-0.41110074520111084,0.0,1.0,-0.04306963495243776,0
2023-04-26,153.75,153.75,160.6699981689453,153.13999938964844,160.2899932861328,153364100,160.6699981689453,-0.04306963495243776,-4.306963495243776,161.00800170898438,172.78799896240236,-0.04507851555168629,-0.11018125724428873,0.042149016894034046,25.708999969671954,1.0,0.0,0.0,0.0,0.041886194740853755,1
2023-04-27,160.19000244140625,160.19000244140625,160.47999572753906,152.3699951171875,152.63999938964844,127015200,153.75,0.041886194740853755,4.1886194740853755,160.4480010986328,170.21699981689454,-0.00160798922678973,-0.058907144329147565,0.031999980129398455,-17.1806178890627,2.0,0.27878138422966003,1.0,0.0,0.025719427270091355,1
2023-04-28,164.30999755859375,164.30999755859375,165.0,157.32000732421875,160.89999389648438,122515800,160.19000244140625,0.025719427270091355,2.5719427270091355,160.29400024414062,168.14799957275392,0.025053946550316564,-0.02282514227889787,0.03405317328710857,-3.5424106721085313,3.0,0.0,0.0,0.0,-0.015093395194377579,0
2023-05-01,161.8300018310547,161.8300018310547,163.27999877929688,158.8300018310547,163.1699981689453,109015000,164.30999755859375,-0.015093395194377579,-1.509339519437758,160.15,165.6270004272461,0.010490176903245052,-0.022924997653744783,0.03402796726259981,-11.01963991583127,3.0,-0.1634275714556376,0.0,1.0,-0.00939259874721976,0
2023-05-02,160.30999755859375,160.30999755859375,165.49000549316406,158.92999267578125,161.8800048828125,128259700,161.8300018310547,-0.00939259874721976,-0.939259874721976,160.0779998779297,163.22700042724608,0.0014492789817523999,-0.017870835468501434,0.03386357443391084,17.65325872586341,3.0,-0.2988646626472473,0.0,1.0,0.0018713932775662467,1
2023-05-03,160.61000061035156,160.61000061035156,165.0,159.91000366210938,160.00999450683594,119728000,160.30999755859375,0.0018713932775662467,0.18713932775662467,161.45,161.2290008544922,-0.005202845398875389,-0.0038392611804328736,0.024138338028548093,-6.651894554563908,2.0,-0.44532477855682373,0.0,1.0,0.003673471985857102,1
2023-05-04,161.1999969482422,161.1999969482422,162.9499969482422,159.64999389648438,162.7100067138672,95108500,160.61000061035156,0.003673471985857102,0.3673471985857102,161.6519989013672,161.05,-0.0027961420594668773,0.0009313688186411984,0.01569496632436187,-20.56285914740078,2.0,-0.47628772258758545,0.0,1.0,0.05496278398315546,1
2023-05-05,170.05999755859375,170.05999755859375,170.7899932861328,163.50999450683594,163.97000122070312,107607300,161.1999969482422,0.05496278398315546,5.496278398315546,162.8019989013672,161.5479995727539,0.044581753947774194,0.05269020977264671,0.02781377218190191,13.1416224627662,2.0,0.40638378262519836,1.0,0.0,0.010172855182730478,1
2023-05-08,171.7899932861328,171.7899932861328,173.8000030517578,169.19000244140625,173.72000122070312,112249400,170.05999755859375,0.010172855182730478,1.0172855182730478,164.79399719238282,162.4719985961914,0.04245297894912259,0.057351388365083134,0.024891617814160594,4.313926657392209,3.0,0.0,0.0,0.0,-0.015367597024416146,0
2023-05-09,169.14999389648438,169.14999389648438,169.82000732421875,166.55999755859375,168.9499969482422,88965000,171.7899932861328,-0.015367597024416146,-1.5367597024416146,166.56199645996094,163.31999816894532,0.015537742651551056,0.035696765814975384,0.02629472669646141,-20.74345163537622,3.0,0.19056729475657144,1.0,0.0,-0.0036062703657255835,0
2023-05-10,168.5399932861328,168.5399932861328,174.42999267578125,166.67999267578125,172.5500030517578,119840700,169.14999389648438,-0.0036062703657255835,-0.36062703657255835,168.1479949951172,164.7989974975586,0.0023312694928476763,0.022700355253251203,0.026880973393269277,34.70544596189513,2.0,-0.24910837411880493,0.0,1.0,0.021003967520705658,1
2023-05-11,172.0800018310547,172.0800018310547,173.57000732421875,166.7899932861328,168.6999969482422,103889900,168.5399932861328,0.021003967520705658,2.1003967520705658,170.3239959716797,165.98799743652344,0.01030979721534342,0.03670147533926915,0.026983708856301126,-13.310002361468188,2.0,-0.286655992269516,0.0,1.0,-0.023826162598143963,0
2023-05-12,167.97999572753906,167.97999572753906,177.3800048828125,167.22999572753906,176.07000732421875,157849600,172.0800018310547,-0.023826162598143963,-2.3826162598143963,169.90799560546876,166.35499725341796,-0.011347316946793695,0.009768257647503331,0.0182653229718988,51.939312676208175,1.0,0.653956949710846,1.0,0.0,-0.009703474612936969,0
2023-05-15,166.35000610351562,166.35000610351562,169.75999450683594,164.5500030517578,167.66000366210938,105592500,167.97999572753906,-0.009703474612936969,-0.9703474612936969,168.81999816894532,166.80699768066407,-0.014630921053309542,-0.0027396427218437935,0.016983331183296643,-33.105627128608496,3.0,-0.5811785459518433,0.0,2.0,0.001021930644472091,1
2023-05-16,166.52000427246094,166.52000427246094,169.52000427246094,164.35000610351562,165.64999389648438,98288800,166.35000610351562,0.001021930644472091,0.1021930644472091,168.29400024414062,167.4279983520508,-0.010541052973404796,-0.0054231913928792785,0.01636610175512852,-6.916873831001258,2.0,-0.23389917612075806,0.0,1.0,0.04407876621166107,1
2023-05-17,173.86000061035156,173.86000061035156,174.5,167.19000244140625,168.41000366210938,125473600,166.52000427246094,0.04407876621166107,4.407876621166107,169.35800170898438,168.75299835205078,0.026582735128766855,0.03026317936968792,0.026621258372503617,27.658085153140544,2.0,0.0,0.0,0.0,0.01742780840135616,1
2023-05-18,176.88999938964844,176.88999938964844,177.05999755859375,172.4499969482422,174.22000122070312,109520300,173.86000061035156,0.01742780840135616,1.742780840135616,170.32000122070312,170.3219985961914,0.03857443707055763,0.038562257650750054,0.026179032892666553,-12.714467425817066,1.0,-0.639727771282196,0.0,1.0,0.018373000232992265,1
2023-05-19,180.13999938964844,180.13999938964844,181.9499969482422,176.30999755859375,177.1699981689453,136196700,176.88999938964844,0.018373000232992265,1.8373000232992265,172.752001953125,171.3299987792969,0.04276649389295151,0.05142123780494723,0.020405900590370004,24.357493542293064,2.0,0.4166615605354309,1.0,0.0,0.04846228354123516,1
2023-05-22,188.8699951171875,188.8699951171875,189.32000732421875,180.11000061035156,180.6999969482422,132001400,180.13999938964844,0.04846228354123516,4.846228354123516,177.25599975585936,173.03799896240236,0.06552102821526207,0.09149433216819114,0.01991778451361288,-3.0803242663001384,3.0,0.0,0.0,0.0,-0.01641335799687571,0
2023-05-23,185.77000427246094,185.77000427246094,192.9600067138672,185.25999450683594,186.1999969482422,156952100,188.8699951171875,-0.01641335799687571,-1.641335799687571,181.1059997558594,174.7,0.025752898981198147,0.06336579434722922,0.025964527151555734,18.90184498043204,1.0,0.0,0.0,0.0,-0.015449266889003499,0
2023-05-24,182.89999389648438,182.89999389648438,184.22000122070312,178.22000122070312,182.22999572753906,137605100,185.77000427246094,-0.015449266889003499,-1.54492668890035,182.91399841308595,176.13600006103516,-7.656339439887638e-05,0.038402108785854816,0.027151449974966227,-12.326690754695225,2.0,0.32327067852020264,1.0,0.0,0.008583965973816943,1
2023-05-25,184.47000122070312,184.47000122070312,186.77999877929688,180.5800018310547,186.5399932861328,96870700,182.89999389648438,0.008583965973816943,0.8583965973816943,184.42999877929688,177.375,0.0002168976938188294,0.04000000688204719,0.02687232214424741,-29.602391190442802,2.0,-0.4602593779563904,0.0,1.0,0.047162123329924865,1
2023-05-26,193.1699981689453,193.1699981689453,198.60000610351562,184.52999877929688,184.6199951171875,162061500,184.47000122070312,0.047162123329924865,4.7162123329924865,187.03599853515624,179.8940002441406,0.03279582370147893,0.07379900333967426,0.03204621659980615,67.29671613810989,2.0,0.0,0.0,0.0,0.041362559242642094,1
2023-05-30,201.16000366210938,201.16000366210938,204.47999572753906,197.52999877929688,200.10000610351562,128818700,193.1699981689453,0.041362559242642094,4.136255924264209,189.49400024414064,183.375,0.06156397248956935,0.09698706836869464,0.03027160841187499,-20.512459776072667,3.0,0.0,0.0,0.0,0.013770078361723614,1
2023-05-31,203.92999267578125,203.92999267578125,203.9499969482422,195.1199951171875,199.77999877929688,150711700,201.16000366210938,0.013770078361723614,1.3770078361723614,193.1259979248047,187.11599884033203,0.0559427258218399,0.08985866489052485,0.025572202650123246,16.9952033361616,1.0,0.5691119432449341,1.0,0.0,0.017604137329555458,1
2023-06-01,207.52000427246094,207.52000427246094,209.8000030517578,199.3699951171875,202.58999633789062,148029900,203.92999267578125,0.017604137329555458,1.7604137329555458,198.05,190.48199920654298,0.047816229600913474,0.08944679884130857,0.01736924785785842,-1.7794238934336182,2.0,0.0,0.0,0.0,0.031081326211682914,1
2023-06-02,213.97000122070312,213.97000122070312,217.25,209.75,210.14999389648438,164398400,207.52000427246094,0.031081326211682914,3.1081326211682914,203.95,194.18999938964845,0.04912969463448458,0.1018590138175215,0.014505956499269558,11.057563370643365,2.0,-0.2540639638900757,0.0,1.0,0.017011727666879306,1
2023-06-05,217.61000061035156,217.61000061035156,221.2899932861328,214.52000427246094,217.8000030517578,151143100,213.97000122070312,0.017011727666879306,1.7011727666879306,208.83800048828124,197.93699951171874,0.042003850360378125,0.09939021581191598,0.011681825921332245,-8.0629130210513,3.0,0.16738941272099814,1.0,0.0,0.017002881015874438,1
2023-06-06,221.30999755859375,221.30999755859375,221.91000366210938,212.52999877929688,216.13999938964844,146911600,217.61000061035156,0.017002881015874438,1.7002881015874438,212.8679992675781,201.18099975585938,0.03965837194910593,0.10005416926629085,0.006759593155819734,-2.799664688629522,2.0,0.0,0.0,0.0,0.014730512862447087,1
2023-06-07,224.57000732421875,224.57000732421875,230.8300018310547,223.1999969482422,228.0,185710800,221.30999755859375,0.014730512862447087,1.4730512862447087,216.99600219726562,205.06100006103514,0.03490389246926218,0.09513757982930371,0.006574487781958571,26.409895474557498,2.0,0.0,0.0,0.0,0.045820870777622646,1
2023-06-08,234.86000061035156,234.86000061035156,235.22999572753906,223.00999450683594,224.22000122070312,164489700,224.57000732421875,0.045820870777622646,4.582087077762265,222.46400146484376,210.2570007324219,0.05572137093590279,0.11701393909466096,0.013263070507588607,-11.426960629107196,2.0,-0.4680863320827484,0.0,1.0,0.0406199151040636,1
2023-06-09,244.39999389648438,244.39999389648438,252.4199981689453,242.02000427246094,249.07000732421875,200242400,234.86000061035156,0.0406199151040636,4.06199151040636,228.55,216.25,0.06935022488070164,0.13017338218027463,0.014916171080052013,21.735525081509664,1.0,-0.6357967257499695,0.0,1.0,0.02221770896144215,1
2023-06-12,249.8300018310547,249.8300018310547,250.97000122070312,244.58999633789062,247.94000244140625,150337900,244.39999389648438,0.02221770896144215,2.221770896144215,234.99400024414064,221.91600036621094,0.06313353350085782,0.12578633996097355,0.014206211508102548,-24.922044482087713,3.0,0.0,0.0,0.0,0.035544128242966044,1
2023-06-13,258.7099914550781,258.7099914550781,259.67999267578125,251.33999633789062,253.50999450683594,162384300,249.8300018310547,0.035544128242966044,3.5544128242966044,242.4739990234375,227.6709991455078,0.06695972556658036,0.1363326573259902,0.012957440088920857,8.01288297894276,3.0,-0.29493192831675213,0.0,1.0,-0.007421371317580694,0
2023-06-14,256.7900085449219,256.7900085449219,261.57000732421875,250.5,260.1700134277344,170575500,258.7099914550781,-0.007421371317580694,-0.7421371317580694,248.91799926757812,232.95700073242188,0.03162490981169119,0.10230646744922245,0.02132953311191897,5.0443300245159195,3.0,-0.582442839940389,0.0,2.0,-0.0034659239799892383,0
2023-06-15,255.89999389648438,255.89999389648438,258.95001220703125,247.2899932861328,248.39999389648438,160171200,256.7900085449219,-0.0034659239799892383,-0.34659239799892383,253.1259979248047,237.7949996948242,0.010958953226541945,0.07613698448199213,0.02203986460286825,-6.099527775090796,1.0,0.0,0.0,0.0,0.01813214052015355,1
2023-06-16,260.5400085449219,260.5400085449219,263.6000061035156,257.2099914550781,258.9200134277344,167915600,255.89999389648438,0.01813214052015355,1.813214052015355,256.3540008544922,242.4520004272461,0.016329012523606634,0.0746044911396948,0.018081079842794764,4.835076468179045,2.0,0.0,0.0,0.0,0.05338912722001776,1
2023-06-20,274.45001220703125,274.45001220703125,274.75,261.1199951171875,261.5,165611200,260.5400085449219,0.05338912722001776,5.338912722001776,261.2780029296875,248.13600158691406,0.05041377050362894,0.10604672619785172,0.025785666797089504,-1.3723561122373384,3.0,0.0,0.0,0.0,-0.054618400747766804,0
2023-06-21,259.4599914550781,259.4599914550781,276.989990234375,257.7799987792969,275.1300048828125,211797100,274.45001220703125,-0.054618400747766804,-5.46184007477668,261.4280029296875,251.9510009765625,-0.007527929114536036,0.029803376249392777,0.0394404458839743,27.888150076806404,1.0,0.0,0.0,0.0,0.019848894111198723,1
2023-06-22,264.6099853515625,264.6099853515625,265.0,248.25,250.77000427246094,166875900,259.4599914550781,0.019848894111198723,1.9848894111198723,262.99199829101565,255.9549987792969,0.006152229235341533,0.03381448541166643,0.03983323035252784,-21.209544417746983,3.0,0.0,0.0,0.0,-0.030270888067223778,0
2023-06-23,256.6000061035156,256.6000061035156,262.45001220703125,252.8000030517578,259.2900085449219,177460800,264.6099853515625,-0.030270888067223778,-3.027088806722378,263.1320007324219,258.1289993286133,-0.024824022204538387,-0.005923368660919692,0.04319793989345651,6.34297702664075,2.0,0.0,0.0,0.0,-0.060600166336257755,0
2023-06-26,241.0500030517578,241.0500030517578,258.3699951171875,240.6999969482422,250.07000732421875,179990600,256.6000061035156,-0.060600166336257755,-6.060016633625775,259.23399963378904,257.79400024414065,-0.07014510676731889,-0.06495107402238076,0.04942721944826272,1.4255542632513718,3.0,-0.3048507571220398,0.0,1.0,0.03800042956291749,1
2023-06-27,250.2100067138672,250.2100067138672,250.38999938964844,240.85000610351562,243.24000549316406,164968200,241.0500030517578,0.03800042956291749,3.8000429562917493,254.38599853515626,257.8320007324219,-0.01641596567946313,-0.029561861975638926,0.044367018267915476,-8.346213635600975,2.0,0.0,0.0,0.0,0.0240996896954786,1
2023-06-28,256.239990234375,256.239990234375,259.8800048828125,248.88999938964844,249.6999969482422,159770800,250.2100067138672,0.0240996896954786,2.40996896954786,253.74199829101562,257.5850006103516,0.00984461366342071,-0.005221617612786278,0.04180787171377125,-3.1505465901913166,3.0,-0.2202567458152771,0.0,1.0,0.004917303362650394,1
2023-06-29,257.5,257.5,260.739990234375,253.61000061035156,258.0299987792969,131283400,256.239990234375,0.004917303362650394,0.49173033626503937,252.32000122070312,257.6559997558594,0.020529481429282237,-0.0006054574937405244,0.04038537865757557,-17.83016671381754,2.0,0.0,0.0,0.0,0.016582481606492783,1
2023-06-30,261.7699890136719,261.7699890136719,264.45001220703125,259.8900146484375,260.6000061035156,112620800,257.5,0.016582481606492783,1.6582481606492783,253.35399780273437,258.2429992675781,0.033218308311401934,0.013657639340066918,0.03837502062000486,-14.215506301634484,1.0,0.0,0.0,0.0,0.06895373445427366,1
2023-07-03,279.82000732421875,279.82000732421875,284.25,275.1099853515625,276.489990234375,119685900,261.7699890136719,0.06895373445427366,6.895373445427366,261.1079986572266,260.17099914550784,0.0716638661520157,0.07552343744400836,0.024617479659547192,6.273352702165136,3.0,0.6130763490994772,2.0,0.0,0.009506123909958086,1
2023-07-05,282.4800109863281,282.4800109863281,283.8500061035156,277.6000061035156,278.82000732421875,131530900,279.82000732421875,0.009506123909958086,0.9506123909958086,267.56199951171874,260.9739990234375,0.055755344562507636,0.08240672267492521,0.025723500328870146,9.896738045166554,2.0,-0.47214895486831665,0.0,1.0,-0.021028045208104085,0
2023-07-06,276.5400085449219,276.5400085449219,279.9700012207031,272.8800048828125,278.0899963378906,120332100,282.4800109863281,-0.021028045208104085,-2.1028045208104085,271.62200317382815,262.6820007324219,0.018106063991974786,0.05275583318940935,0.032940407193613234,-8.514197044192661,1.0,-0.937804639339447,0.0,1.0,-0.007630056425625198,0
2023-07-07,274.42999267578125,274.42999267578125,280.7799987792969,273.7699890136719,278.42999267578125,113879200,276.5400085449219,-0.007630056425625198,-0.7630056425625198,275.00800170898435,263.66400146484375,-0.002101789873789728,0.04083223781450873,0.034420145299037204,-5.362575738310893,2.0,0.2852833569049835,1.0,0.0,-0.01756370459810941,0
2023-07-10,269.6099853515625,269.6099853515625,277.5199890136719,265.1000061035156,276.4700012207031,119425400,274.42999267578125,-0.01756370459810941,-1.7563704598109409,276.5760009765625,264.9649993896484,-0.025186623569665167,0.017530564310810348,0.03689852860029017,4.870248473821381,3.0,0.0,0.0,0.0,0.000667717084456676,1
2023-07-11,269.7900085449219,269.7900085449219,270.8999938964844,266.3699951171875,268.6499938964844,91972400,269.6099853515625,0.000667717084456676,0.0667717084456676,274.57000122070315,267.83899993896483,-0.017409012836544502,0.007284258851032233,0.012647146356852485,-22.987572158016633,3.0,0.0,0.0,0.0,0.008154422401772665,1
2023-07-12,271.989990234375,271.989990234375,276.5199890136719,271.4599914550781,276.3299865722656,95672100,269.7900085449219,0.008154422401772665,0.8154422401772665,272.4719970703125,270.0169982910156,-0.0017690142147456234,0.007306917549068315,0.01220730930443745,4.022619829427088,1.0,0.0,0.0,0.0,0.02172875427149612,1
2023-07-13,277.8999938964844,277.8999938964844,279.45001220703125,270.6000061035156,274.5899963378906,112681500,271.989990234375,0.02172875427149612,2.172875427149612,272.743994140625,272.18299865722656,0.018904173388327727,0.021004233429206653,0.015000340988161082,17.778850887562836,2.0,0.0,0.0,0.0,0.012522529912772917,1
2023-07-14,281.3800048828125,281.3800048828125,285.29998779296875,276.30999755859375,277.010009765625,120062400,277.8999938964844,0.012522529912772917,1.2522529912772917,274.1339965820313,274.5709991455078,0.026432359324732424,0.0247987069227813,0.014783669488644966,6.550232291902391,3.0,-0.324679970741272,0.0,1.0,0.03198521516746822,1
2023-07-17,290.3800048828125,290.3800048828125,292.2300109863281,283.57000732421875,286.6300048828125,131569600,281.3800048828125,0.03198521516746822,3.1985215167468217,278.2880004882812,277.4320007324219,0.04345140420469007,0.04667091076807228,0.012167447399581583,9.584349471608089,3.0,0.007319211959838867,1.0,1.0,0.010193509901870401,1
2023-07-18,293.3399963378906,293.3399963378906,295.260009765625,286.010009765625,290.1499938964844,112120300,290.3800048828125,0.010193509901870401,1.0193509901870401,282.997998046875,278.78399963378905,0.036544422089171746,0.05221245381091588,0.009893224197018808,-14.782518150089386,2.0,-0.8387800455093384,0.0,2.0,-0.007090702250741598,0
2023-07-19,291.260009765625,291.260009765625,299.2900085449219,289.5199890136719,296.0400085449219,142355400,293.3399963378906,-0.007090702250741598,-0.7090702250741598,286.852001953125,279.66199951171876,0.015366836495777081,0.04147152732282544,0.014531038420543561,26.96665991796312,2.0,-0.478960782289505,0.0,1.0,-0.09737009860008494,0
2023-07-20,262.8999938964844,262.8999938964844,280.92999267578125,261.20001220703125,279.55999755859375,175158300,291.260009765625,-0.09737009860008494,-9.737009860008495,283.852001953125,278.297998046875,-0.07381314175159714,-0.05532919481439136,0.05079317638136013,23.04296148934286,2.0,-0.3435438275337219,0.0,1.0,-0.010954754468143868,0
2023-07-21,260.0199890136719,260.0199890136719,268.0,255.8000030517578,268.0,161796100,262.8999938964844,-0.010954754468143868,-1.0954754468143868,279.5799987792969,276.85699768066405,-0.06996212122121748,-0.060814820676530434,0.04925813581958401,-7.628642205365088,2.0,-0.3570294976234436,0.0,1.0,0.03476659075024635,1
2023-07-24,269.05999755859375,269.05999755859375,269.8500061035156,254.1199951171875,255.85000610351562,136508500,260.0199890136719,0.03476659075024635,3.476659075024635,275.3159973144531,276.8019989013672,-0.02272297947406976,-0.027969456049817598,0.049927572701134494,-15.629301324321165,3.0,0.0,0.0,0.0,-0.014048906614123058,0
2023-07-25,265.2799987792969,265.2799987792969,272.8999938964844,265.0,272.3800048828125,112757300,269.05999755859375,-0.014048906614123058,-1.4048906614123058,269.70399780273436,276.3509979248047,-0.016403164430188633,-0.040061368435949096,0.04812424298986711,-17.399063062007126,3.0,0.2821801503499349,1.0,0.0,-0.0035057022016762307,0
2023-07-26,264.3500061035156,264.3500061035156,268.0400085449219,261.75,263.25,95856200,265.2799987792969,-0.0035057022016762307,-0.35057022016762307,264.3219970703125,275.5869995117188,0.00010596557802067252,-0.04077475870818548,0.04837098625977575,-14.988918677549034,2.0,-0.781047523021698,0.0,2.0,-0.032683938680391544,0
2023-07-27,255.7100067138672,255.7100067138672,269.1300048828125,255.3000030517578,268.30999755859375,103697300,264.3500061035156,-0.032683938680391544,-3.2683938680391544,262.8839996337891,273.36800079345704,-0.027289576124509773,-0.06459422473858356,0.02483419939003796,8.180065556531545,1.0,-0.5010863542556763,0.0,1.0,0.04196157931177735,1
2023-07-28,266.44000244140625,266.44000244140625,267.25,258.2300109863281,259.8599853515625,111446000,255.7100067138672,0.04196157931177735,4.196157931177735,264.1680023193359,271.8740005493164,0.00860058789150342,-0.019987192953099142,0.03204314093000411,7.472422136352641,3.0,-0.30388806263605755,0.0,1.0,0.00371562162326855,1
2023-07-31,267.42999267578125,267.42999267578125,269.0799865722656,263.7799987792969,267.4800109863281,84582200,266.44000244140625,0.00371562162326855,0.371562162326855,263.8420013427734,269.5789993286133,0.013599014996654946,-0.007971713887892418,0.027605798206801084,-24.104768228559127,3.0,-0.30455221732457477,0.0,1.0,-0.023781870118334214,0
2023-08-01,261.07000732421875,261.07000732421875,266.4700012207031,260.25,266.260009765625,83166000,267.42999267578125,-0.023781870118334214,-2.3781870118334214,263.0000030517578,266.3520004272461,-0.007338386711574385,-0.019830874536533094,0.029068116830355217,-1.6743475577603806,1.0,0.0,0.0,0.0,-0.02665954157355066,0
2023-08-02,254.11000061035156,254.11000061035156,259.5199890136719,250.49000549316406,255.57000732421875,101752900,261.07000732421875,-0.02665954157355066,-2.665954157355066,260.952001953125,262.6369995117187,-0.026219386291592595,-0.03246686078968353,0.03097844231894188,22.349157107471807,2.0,0.32455363869667053,1.0,0.0,0.020502958173047814,1
2023-08-03,259.32000732421875,259.32000732421875,260.489990234375,252.0,252.0399932861328,97569100,254.11000061035156,0.020502958173047814,2.0502958173047814,261.6740020751953,262.2790008544922,-0.008995906098077322,-0.011281854516119072,0.02924772702887601,-4.111725562612955,1.0,0.5932967066764832,1.0,0.0,-0.02105509239416581,0
2023-08-04,253.86000061035156,253.86000061035156,264.7699890136719,253.11000061035156,260.9700012207031,99539900,259.32000732421875,-0.02105509239416581,-2.105509239416581,259.1580017089844,261.66300201416016,-0.020443131463029673,-0.029820805172090514,0.02065648888260011,2.0199017926782137,3.0,-0.18096969525019327,0.0,1.0,-0.009493435973824349,0
2023-08-07,251.4499969482422,251.4499969482422,253.64999389648438,242.75999450683594,251.4499969482422,111097900,253.86000061035156,-0.009493435973824349,-0.9493435973824349,255.96200256347657,259.902001953125,-0.017627638360562692,-0.03251996883966757,0.019354502343404665,11.611424162571993,3.0,0.0,0.0,0.0,-0.006959634206558429,0
2023-08-08,249.6999969482422,249.6999969482422,250.9199981689453,245.00999450683594,247.4499969482422,96642200,251.4499969482422,-0.006959634206558429,-0.6959634206558429,253.68800048828126,258.34400177001953,-0.015720111051225283,-0.03345928205243309,0.01824595292900268,-13.011677088405815,2.0,0.0,0.0,0.0,-0.03007606967809695,0
2023-08-09,242.19000244140625,242.19000244140625,251.10000610351562,241.89999389648438,250.8699951171875,101596300,249.6999969482422,-0.03007606967809695,-3.007606967809695,251.3040008544922,256.1280014038086,-0.03626682576519358,-0.05441809909892603,0.019127798736007933,5.1262285005929,2.0,0.0,0.0,0.0,0.013006292021680244,1
2023-08-10,245.33999633789062,245.33999633789062,251.8000030517578,243.0,245.39999389648438,109498600,242.19000244140625,0.013006292021680244,1.3006292021680244,248.50799865722655,255.09100036621095,-0.012748089946616248,-0.0382255901396823,0.016277761194871496,7.778137589656309,2.0,0.0,0.0,0.0,-0.01096438608281991,0
2023-08-11,242.64999389648438,242.64999389648438,243.7899932861328,238.02000427246094,241.77000427246094,99038600,245.33999633789062,-0.01096438608281991,-1.096438608281991,246.26599731445313,252.71199951171874,-0.014683323956216077,-0.03981609751288351,0.015302699109327992,-9.55263354965269,1.0,0.0,0.0,0.0,-0.011910156448968756,0
2023-08-14,239.75999450683594,239.75999450683594,240.66000366210938,233.75,235.6999969482422,98595300,242.64999389648438,-0.011910156448968756,-1.1910156448968756,243.92799682617186,249.94499969482422,-0.017087019012033022,-0.0407489855785228,0.015364272753395221,-0.44760325771971976,3.0,0.2802268664042155,1.0,0.0,-0.028361644764614224,0
2023-08-15,232.9600067138672,232.9600067138672,240.5,232.61000061035156,238.72999572753906,88197600,239.75999450683594,-0.028361644764614224,-2.8361644764614224,240.5799987792969,247.13399963378907,-0.03167342299481901,-0.057353471966323344,0.017371277388076665,-10.545837377643764,3.0,0.0,0.0,0.0,-0.03159340830287438,0
2023-08-16,225.60000610351562,225.60000610351562,233.97000122070312,225.3800048828125,228.02000427246094,112484500,232.9600067138672,-0.03159340830287438,-3.159340830287438,237.26199951171876,244.28300018310546,-0.0491523861056693,-0.07648094245438997,0.017739086915718863,27.536917104320292,2.0,0.0,0.0,0.0,-0.028280162722535862,0
2023-08-17,219.22000122070312,219.22000122070312,226.74000549316406,218.8300018310547,226.05999755859375,120718400,225.60000610351562,-0.028280162722535862,-2.828016272253586,232.03800048828126,240.27299957275392,-0.05524094864033047,-0.08762115755614064,0.009940923693313232,7.320030759793572,2.0,0.0,0.0,0.0,-0.017014851321818125,0
2023-08-18,215.49000549316406,215.49000549316406,217.5800018310547,212.36000061035156,214.1199951171875,136276600,219.22000122070312,-0.017014851321818125,-1.7014851321818125,226.6060028076172,236.43600006103514,-0.04905429325228572,-0.08859054696604551,0.008490396644710308,12.888010444141074,1.0,-0.7064669132232666,0.0,1.0,0.073274828918382,1
2023-08-21,231.27999877929688,231.27999877929688,232.1300048828125,220.5800018310547,221.5500030517578,135702700,215.49000549316406,0.073274828918382,7.3274828918382,224.91000366210938,234.41900024414062,0.028322417915911835,-0.013390559048432782,0.04487904993584262,-0.4211287924706042,3.0,-0.1997430920600891,0.0,1.0,0.008258403978685713,1
2023-08-22,233.19000244140625,233.19000244140625,240.82000732421875,229.5500030517578,240.25,130442800,231.27999877929688,0.008258403978685713,0.8258403978685713,224.95600280761718,232.76800079345702,0.036602711334761784,0.0018129710549161793,0.043360417299633296,-3.8760466814588113,3.0,0.19930464029312134,1.0,0.0,0.01573823118710882,1
2023-08-23,236.86000061035156,236.86000061035156,238.97999572753906,229.2899932861328,229.33999633789062,101077600,233.19000244140625,0.01573823118710882,1.573823118710882,227.20800170898437,232.23500061035156,0.042480893405020925,0.019915172079336685,0.03947801985776533,-22.5119362663175,3.0,0.5389848550160726,2.0,0.0,-0.02879341090367582,0
2023-08-24,230.0399932861328,230.0399932861328,238.9199981689453,228.17999267578125,238.66000366210938,99777400,236.86000061035156,-0.02879341090367582,-2.879341090367582,229.37200012207032,230.7050003051758,0.0029122698660124513,-0.002882499374366909,0.03960418903996835,-1.2863384172160819,0.0,0.0,0.0,0.0,0.037167463490241914,1
2023-08-25,238.58999633789062,238.58999633789062,239.0,230.35000610351562,231.30999755859375,106612200,230.0399932861328,0.037167463490241914,3.7167463490241914,233.99199829101562,230.29900054931642,0.01965023624934603,0.03600100638213055,0.03762771427230519,6.850048207309478,3.0,-0.22559773921966553,0.0,1.0,0.0009640428763089126,1
2023-08-28,238.82000732421875,238.82000732421875,244.3800048828125,235.35000610351562,242.5800018310547,107673700,238.58999633789062,0.0009640428763089126,0.09640428763089126,235.5,230.2050018310547,0.014097695644240904,0.03742318987267934,0.024005533405814003,0.995664661267659,3.0,-0.28821595509847003,0.0,1.0,0.07687791972402569,1
2023-08-29,257.17999267578125,257.17999267578125,257.4800109863281,237.77000427246094,238.5800018310547,134047600,238.82000732421875,0.07687791972402569,7.687791972402569,240.297998046875,232.6270004272461,0.07025441229690599,0.10554661412235378,0.03965596746924705,24.494282262056565,3.0,-0.21683772404988608,0.0,1.0,-0.0010887269121663268,0
2023-08-30,256.8999938964844,256.8999938964844,260.510009765625,250.58999633789062,254.1999969482422,121988400,257.17999267578125,-0.0010887269121663268,-0.10887269121663268,244.30599670410157,235.75699920654296,0.051550094399182456,0.08968130219293458,0.04084568232388465,-8.996207317400684,3.0,0.0,0.0,0.0,0.004593198535678855,1
2023-08-31,258.0799865722656,258.0799865722656,261.17999267578125,255.0500030517578,255.97999572753906,108861700,256.8999938964844,0.004593198535678855,0.4593198535678855,249.91399536132812,239.64299774169922,0.032675205720796185,0.07693522867060287,0.03356239812222858,-10.760613304215816,0.0,0.0,0.0,0.0,-0.05064318329763218,0
2023-09-01,245.00999450683594,245.00999450683594,259.0799865722656,242.00999450683594,257.260009765625,132541600,258.0799865722656,-0.05064318329763218,-5.064318329763218,251.1979949951172,242.5949966430664,-0.024633956526609824,0.009954854375347155,0.04557856077660988,21.752278349502173,3.0,0.047295173009236656,2.0,1.0,0.046855214011356505,1
2023-09-05,256.489990234375,256.489990234375,258.0,244.86000061035156,245.0,129469600,245.00999450683594,0.046855214011356505,4.6855214011356505,254.73199157714845,245.11599578857422,0.006901365809382831,0.04640249776114769,0.048783448362531213,-2.31776287595743,3.0,0.0,0.0,0.0,-0.017817428513501543,0
2023-09-06,251.9199981689453,251.9199981689453,255.38999938964844,245.05999755859375,255.13999938964844,116959800,256.489990234375,-0.017817428513501543,-1.7817428513501543,253.67999267578125,246.98899536132814,-0.006937853033941566,0.01996446360050763,0.03547660477973845,-9.662345446344156,1.0,0.0,0.0,0.0,-0.0017068620153485314,0
2023-09-07,251.49000549316406,251.49000549316406,252.80999755859375,243.27000427246094,245.07000732421875,115312900,251.9199981689453,-0.0017068620153485314,-0.17068620153485314,252.59799499511718,248.45199584960938,-0.0043863748877917,0.012227753023942745,0.03546665353924792,-1.4080906431098494,2.0,-0.46073153614997864,0.0,1.0,-0.01188916230408743,0
2023-09-08,248.5,248.5,256.5199890136719,246.6699981689453,251.22000122070312,118367700,251.49000549316406,-0.01188916230408743,-1.188916230408743,250.68199768066407,250.2979965209961,-0.008704245621353524,-0.007183423543085654,0.035263442074585864,2.6491398620622775,2.0,0.0,0.0,0.0,0.10092549928477124,1
2023-09-11,273.5799865722656,273.5799865722656,274.8500061035156,260.6099853515625,264.2699890136719,174667900,248.5,0.10092549928477124,10.092549928477123,256.39599609375,253.7969955444336,0.06702129027097747,0.07794808991097191,0.0503359363215161,47.56382019757079,3.0,0.011892855167388916,1.0,1.0,-0.022296863386701782,0
2023-09-12,267.4800109863281,267.4800109863281,278.3900146484375,266.6000061035156,270.760009765625,135999900,273.5799865722656,-0.022296863386701782,-2.229686338670178,258.5940002441406,256.66299591064455,0.03436278774371471,0.042144817320878714,0.05171793242545792,-22.138011620910312,2.0,0.0,0.0,0.0,0.014281354305895722,1
2023-09-13,271.29998779296875,271.29998779296875,274.9800109863281,268.1000061035156,270.07000732421875,111673700,267.4800109863281,0.014281354305895722,1.4281354305895722,262.4699981689453,258.07499542236326,0.03364190073388795,0.05124476452653459,0.04942971809787622,-17.88692491685656,2.0,0.0,0.0,0.0,0.017471511114000693,1
2023-09-14,276.0400085449219,276.0400085449219,276.7099914550781,270.4200134277344,271.32000732421875,107709800,271.29998779296875,0.017471511114000693,1.7471511114000693,267.3799987792969,259.988996887207,0.032388397805227065,0.061737272922662845,0.048460090062830974,-3.5495376261375777,1.0,-0.5582973957061768,0.0,1.0,-0.005977372284481253,0
2023-09-15,274.3900146484375,274.3900146484375,278.9800109863281,271.0,277.54998779296875,133692300,276.0400085449219,-0.005977372284481253,-0.5977372284481253,272.55800170898436,261.61999969482423,0.006721552579510126,0.04881131017700979,0.047560492669236405,24.122688928955395,3.0,-0.2000115911165873,0.0,1.0,-0.033200974462619715,0
2023-09-18,265.2799987792969,265.2799987792969,271.44000244140625,263.760009765625,271.1600036621094,101543300,274.3900146484375,-0.033200974462619715,-3.3200974462619715,270.89800415039065,263.6470001220703,-0.02073845242497585,0.006193882943748452,0.0221794444697042,-24.047009438838284,3.0,-0.29720181226730347,0.0,1.0,0.004598918977371191,1
2023-09-19,266.5,266.5,267.8500061035156,261.20001220703125,264.3500061035156,103704000,265.2799987792969,0.004598918977371191,0.45989189773711914,270.702001953125,264.6480010986328,-0.01552261129510446,0.006997970487889527,0.02041321037299687,2.127860725424524,2.0,0.0,0.0,0.0,-0.014671683535119606,0
2023-09-20,262.5899963378906,262.5899963378906,273.92999267578125,262.4599914550781,267.0400085449219,122514600,266.5,-0.014671683535119606,-1.4671683535119606,268.9600036621094,265.71500091552736,-0.0236838460644182,-0.01176073826042734,0.019220478279419466,18.138741032168483,2.0,0.2546843886375427,1.0,0.0,-0.026238620989897266,0
2023-09-21,255.6999969482422,255.6999969482422,260.8599853515625,254.2100067138672,257.8500061035156,119951500,262.5899963378906,-0.026238620989897266,-2.6238620989897266,264.8920013427734,266.13600006103513,-0.03470095113455951,-0.039213045624791776,0.015191834429018962,-2.0920771891676626,2.0,0.35397183895111084,1.0,0.0,-0.042315182614647506,0
2023-09-22,244.8800048828125,244.8800048828125,257.7900085449219,244.47999572753906,257.3999938964844,127524100,255.6999969482422,-0.042315182614647506,-4.231518261464751,258.98999938964846,265.7740005493164,-0.05448084690562738,-0.07861564947406074,0.018142995287711905,6.313051524991353,1.0,0.0,0.0,0.0,0.008616467528091087,1
2023-09-25,246.99000549316406,246.99000549316406,247.10000610351562,238.30999755859375,243.3800048828125,104636600,244.8800048828125,0.008616467528091087,0.8616467528091087,255.33200073242188,263.11500244140626,-0.03267117014447363,-0.0612849772860562,0.021268573877777922,-17.94758794612156,3.0,0.0,0.0,0.0,-0.011619945391094011,0
2023-09-26,244.1199951171875,244.1199951171875,249.5500030517578,241.66000366210938,242.97999572753906,101993600,246.99000549316406,-0.011619945391094011,-1.161994539109401,250.8559997558594,260.7790008544922,-0.026852077069025926,-0.06388169938038835,0.018818062940865802,-2.5258848242393217,1.0,0.0,0.0,0.0,-0.014828753029631048,0
2023-09-27,240.5,240.5,245.3300018310547,234.5800018310547,244.25999450683594,136597200,244.1199951171875,-0.014828753029631048,-1.4828753029631048,246.43800048828126,257.6990020751953,-0.0240953119101599,-0.06674066231027442,0.018812821956722316,33.92722680638784,3.0,-0.2765205502510071,0.0,1.0,0.02444908475181906,1
2023-09-28,246.3800048828125,246.3800048828125,247.5500030517578,238.64999389648438,240.02000427246094,117058900,240.5,0.02444908475181906,2.444908475181906,244.57400207519532,254.73300170898438,0.007384279573026342,-0.03279118437788686,0.025311147987074907,-14.303587482027446,0.0,0.0,0.0,0.0,0.015585665483353939,1
2023-09-29,250.22000122070312,250.22000122070312,254.77000427246094,246.35000610351562,250.0,128522700,246.3800048828125,0.015585665483353939,1.5585665483353939,245.64200134277343,252.31600036621094,0.018636877459492274,-0.008307040149913902,0.01711168387898982,9.793189582338456,3.0,-0.5939743916193644,0.0,2.0,0.005515166158101437,1
2023-10-02,251.60000610351562,251.60000610351562,254.27999877929688,242.6199951171875,244.80999755859375,123810400,250.22000122070312,0.005515166158101437,0.5515166158101437,246.56400146484376,250.9480010986328,0.02042473600668715,0.002598167755982983,0.01697815886080507,-3.6665118302058652,3.0,0.0,0.0,0.0,-0.020151062008054166,0
2023-10-03,246.52999877929688,246.52999877929688,250.02000427246094,244.4499969482422,248.61000061035156,101985300,251.60000610351562,-0.020151062008054166,-2.0151062008054166,247.04600219726564,248.9510009765625,-0.0020886936577776405,-0.009724814070916521,0.019200908698840627,-17.627840633743208,3.0,-0.19615103801091513,1.0,2.0,0.05934371052307452,1
2023-10-04,261.1600036621094,261.1600036621094,261.8599853515625,247.60000610351562,248.13999938964844,129721600,246.52999877929688,0.05934371052307452,5.934371052307452,251.1780029296875,248.80800170898436,0.03974074407788075,0.049644713466942214,0.02899382946750784,27.196370457311005,1.0,-0.889449417591095,0.0,1.0,-0.00425032873937603,0
2023-10-05,260.04998779296875,260.04998779296875,263.6000061035156,256.25,260.0,119159200,261.1600036621094,-0.00425032873937603,-0.42503287393760303,253.91199951171876,249.24300079345704,0.024173683374765886,0.04335923963805599,0.029962349854651574,-8.142360254575953,2.0,0.0,0.0,0.0,0.001845841218459432,1
2023-10-06,260.5299987792969,260.5299987792969,261.6499938964844,250.64999389648438,253.97999572753906,118121800,260.04998779296875,0.001845841218459432,0.1845841218459432,255.9739990234375,250.80800018310546,0.01779868179284194,0.038762713267095794,0.030090349212902143,-0.8706000040282214,2.0,-0.4069362282752991,0.0,1.0,-0.003300907210654902,0
2023-10-09,259.6700134277344,259.6700134277344,261.3599853515625,252.0500030517578,255.30999755859375,101377900,260.5299987792969,-0.003300907210654902,-0.3300907210654902,257.58800048828124,252.0760009765625,0.008082724876572245,0.03012588434342045,0.030560720124521636,-14.1751141618228,3.0,-0.3160727818806966,0.0,1.0,0.015211543440507347,1
2023-10-10,263.6199951171875,263.6199951171875,268.94000244140625,257.6499938964844,257.75,122656000,259.6700134277344,0.015211543440507347,1.5211543440507347,261.00599975585936,254.0260009765625,0.010015077675506356,0.03776776433806939,0.026633507194158915,20.988894029172034,2.0,-0.25167012214660645,0.0,1.0,-0.002389822071472425,0
2023-10-11,262.989990234375,262.989990234375,268.6000061035156,260.8999938964844,266.20001220703125,103706300,263.6199951171875,-0.002389822071472425,-0.2389822071472425,261.3719970703125,256.275,0.006190384517845926,0.026202283618671496,0.008052054008503097,-15.449468432037571,2.0,0.0,0.0,0.0,-0.015665976919941982,0
2023-10-12,258.8699951171875,258.8699951171875,265.4100036621094,256.6300048828125,262.9200134277344,111508100,262.989990234375,-0.015665976919941982,-1.5665976919941982,261.13599853515626,257.5239990234375,-0.008677483880736192,0.005226682168862684,0.011103281286435207,7.522975942637999,2.0,0.0,0.0,0.0,-0.02993780718577166,0
2023-10-13,251.1199951171875,251.1199951171875,259.6000061035156,250.22000122070312,258.8999938964844,102073800,258.8699951171875,-0.02993780718577166,-2.993780718577166,259.2539978027344,257.61399841308594,-0.031374647081569895,-0.02520827026443362,0.016802509334126605,-8.460640975857359,1.0,0.6390765309333801,1.0,0.0,0.01115006015531006,1
2023-10-16,253.9199981689453,253.9199981689453,255.39999389648438,248.47999572753906,250.0500030517578,88917200,251.1199951171875,0.01115006015531006,1.115006015531006,258.10399475097654,257.8459976196289,-0.016210506877539888,-0.015226140746521066,0.01877187104190266,-12.889301662130737,3.0,0.0,0.0,0.0,0.0036626021631882555,1
2023-10-17,254.85000610351562,254.85000610351562,257.17999267578125,247.0800018310547,250.10000610351562,93562900,253.9199981689453,0.0036626021631882555,0.36626021631882555,256.34999694824216,258.6779983520508,-0.005851339428841085,-0.014798290820719151,0.016316784843252927,5.224748417628988,3.0,-0.6001255114873251,0.0,2.0,-0.04775363208267347,0
2023-10-18,242.67999267578125,242.67999267578125,254.6300048828125,242.0800018310547,252.6999969482422,125147800,254.85000610351562,-0.04775363208267347,-4.775363208267347,252.28799743652343,256.82999725341796,-0.038083479429732225,-0.05509482820916234,0.024114245442333836,33.75793182981717,2.0,-0.956231027841568,0.0,2.0,-0.09300310180733784,0
2023-10-19,220.11000061035156,220.11000061035156,230.61000061035156,216.77999877929688,225.9499969482422,170772700,242.67999267578125,-0.09300310180733784,-9.300310180733785,244.53599853515624,252.83599853515625,-0.09988712529494104,-0.12943567416984814,0.04214310469418006,36.45681346376044,1.0,-0.8632275462150574,0.0,1.0,-0.036890623300491754,0
2023-10-20,211.99000549316406,211.99000549316406,218.86000061035156,210.4199981689453,217.00999450683594,138010100,220.11000061035156,-0.036890623300491754,-3.6890623300491754,236.71000061035156,247.98199920654298,-0.10443156205250104,-0.14513954169472343,0.04220667996784754,-19.184916558677124,3.0,-0.5956201752026876,0.0,2.0,0.0004245310418349302,1
2023-10-23,212.0800018310547,212.0800018310547,216.97999572753906,202.50999450683594,210.0,150683400,211.99000549316406,0.0004245310418349302,0.04245310418349302,228.34200134277344,243.222998046875,-0.07121773224413153,-0.1280429748251779,0.039622812310604126,9.18287864438907,3.0,-0.32437944412231445,0.0,1.0,0.02093550737020089,1
2023-10-24,216.52000427246094,216.52000427246094,222.0500030517578,214.11000061035156,216.5,118231100,212.0800018310547,0.02093550737020089,2.093550737020089,220.6760009765625,238.51299896240235,-0.018833025275562076,-0.09220878855918557,0.044283842718402765,-21.536745255283595,3.0,-0.29187772671381634,0.0,1.0,-0.018935922882932887,0
2023-10-25,212.4199981689453,212.4199981689453,220.10000610351562,212.1999969482422,215.8800048828125,107065100,216.52000427246094,-0.018935922882932887,-1.8935922882932887,214.6240020751953,233.45599975585938,-0.01026913991417322,-0.09010692211342963,0.04346791814354531,-9.44421560824521,2.0,-0.48127833008766174,0.0,1.0,-0.031352997455599385,0
2023-10-26,205.75999450683594,205.75999450683594,214.8000030517578,204.8800048828125,211.32000732421875,115112600,212.4199981689453,-0.031352997455599385,-3.1352997455599385,211.75400085449218,228.1449996948242,-0.02830646090968103,-0.09811744819273416,0.023846026682479485,7.5164549418998305,2.0,-0.08426448702812195,1.0,1.0,0.00748448962886572,1
2023-10-27,207.3000030517578,207.3000030517578,212.41000366210938,205.77000427246094,210.60000610351562,94881200,205.75999450683594,0.00748448962886572,0.748448962886572,210.81600036621094,223.76300048828125,-0.016678038234030912,-0.073573367360104,0.020881214722413045,-17.575313215060728,1.0,0.0,0.0,0.0,-0.04794984223383958,0
2023-10-30,197.36000061035156,197.36000061035156,210.8800048828125,194.6699981689453,209.27999877929688,136448200,207.3000030517578,-0.04794984223383958,-4.794984223383958,207.87200012207032,218.10700073242188,-0.05056957890214031,-0.09512303618132445,0.028107597032411037,43.809521802000816,3.0,-0.6389129559199015,0.0,2.0,0.017632730628176496,1
2023-10-31,200.83999633789062,200.83999633789062,202.8000030517578,194.07000732421875,196.1199951171875,118068300,197.36000061035156,0.017632730628176496,1.7632730628176496,204.73599853515626,212.70599975585938,-0.01902939505089829,-0.055785936605400765,0.027103255244643708,-13.470239988508458,1.0,0.5952559113502502,1.0,0.0,0.023999240251476817,1
2023-11-01,205.66000366210938,205.66000366210938,205.99000549316406,197.85000610351562,204.0399932861328,121661700,200.83999633789062,0.023999240251476817,2.3999240251476817,203.38399963378907,209.00400085449218,0.011190673958710873,-0.01599968028703369,0.03179169950297013,3.043492622490551,2.0,-0.430362343788147,0.0,1.0,0.06248172039245192,1
2023-11-02,218.50999450683594,218.50999450683594,219.1999969482422,211.4499969482422,212.97000122070312,125987600,205.66000366210938,0.06248172039245192,6.248172039245192,205.93399963378906,208.84400024414063,0.06106808441253353,0.04628332272603308,0.03979894740282717,3.555679396227407,2.0,-0.4601745903491974,0.0,1.0,0.006635907937775798,1
2023-11-03,219.9600067138672,219.9600067138672,226.3699951171875,218.39999389648438,221.14999389648438,119534800,218.50999450683594,0.006635907937775798,0.6635907937775798,208.46600036621095,209.64100036621093,0.05513611969081178,0.049222272025178926,0.03982870464380322,-5.121773888858905,1.0,0.0,0.0,0.0,-0.0031369449915676917,0
2023-11-06,219.27000427246094,219.27000427246094,226.32000732421875,215.0,223.97999572753906,117335800,219.9600067138672,-0.0031369449915676917,-0.31369449915676917,212.8480010986328,210.36000061035156,0.030171780522628477,0.04235597849523365,0.025142698411821186,-1.8396316386525058,3.0,0.19484768311182657,1.0,0.0,0.013271256198382764,1
2023-11-07,222.17999267578125,222.17999267578125,223.1199951171875,215.72000122070312,219.97999572753906,116900100,219.27000427246094,0.013271256198382764,1.3271256198382764,217.11600036621093,210.9259994506836,0.023323901974192873,0.053355173162182634,0.02538587023043664,-0.3713274209576234,2.0,0.0,0.0,0.0,-0.00031502415940676265,0
2023-11-08,222.11000061035156,222.11000061035156,224.14999389648438,217.63999938964844,223.14999389648438,106584800,222.17999267578125,-0.00031502415940676265,-0.031502415940676265,220.40599975585937,211.8949996948242,0.007731190876744343,0.04820784317817428,0.026869402862159993,-8.824030090650048,2.0,-0.475741982460022,0.0,1.0,-0.054612601186257326,0
2023-11-09,209.97999572753906,209.97999572753906,220.8000030517578,206.67999267578125,219.75,142110500,222.11000061035156,-0.054612601186257326,-5.461260118625733,218.7,212.31699981689454,-0.039871990271883484,-0.011007145406966679,0.0270251727934963,33.33092523511796,1.0,-0.8307788372039795,0.0,1.0,0.022240205086035525,1
2023-11-10,214.64999389648438,214.64999389648438,215.3800048828125,205.69000244140625,210.02999877929688,130994000,209.97999572753906,0.022240205086035525,2.2240205086035525,217.63799743652345,213.0519989013672,-0.01372923650848501,0.007500492853188323,0.029839153348380783,-7.822433951045138,2.0,0.0,0.0,0.0,0.04220830689495392,1
2023-11-13,223.7100067138672,223.7100067138672,225.39999389648438,211.61000061035156,215.60000610351562,140447600,214.64999389648438,0.04220830689495392,4.220830689495392,218.5259979248047,215.68699951171874,0.023722618078817037,0.03719745381182582,0.03650696244502691,7.216819090950732,3.0,0.19187190135320029,1.0,0.0,0.06123998273248876,1
2023-11-14,237.41000366210938,237.41000366210938,238.13999938964844,230.72000122070312,235.02999877929688,149771600,223.7100067138672,0.06123998273248876,6.123998273248876,221.5720001220703,219.34400024414063,0.07148016685914049,0.08236379111286563,0.04474292877119101,6.638774888285748,3.0,0.22490912675857544,1.0,0.0,0.022871793909364557,1
2023-11-15,242.83999633789062,242.83999633789062,246.6999969482422,236.4499969482422,239.2899932861328,150354000,237.41000366210938,0.022871793909364557,2.2871793909364557,225.71799926757814,223.06199951171874,0.07585570103346151,0.08866591741070096,0.04406507956508256,0.38885876895218274,3.0,-0.2624167998631795,0.0,1.0,-0.038090924639652135,0
2023-11-16,233.58999633789062,233.58999633789062,240.8800048828125,230.9600067138672,239.49000549316406,136816800,242.83999633789062,-0.038090924639652135,-3.8090924639652135,230.43999938964845,224.56999969482422,0.013669488615628334,0.040165635015024126,0.03728218340926746,-9.003551618181094,1.0,-0.9414372444152832,0.0,1.0,0.0030395424675642158,1
2023-11-17,234.3000030517578,234.3000030517578,237.38999938964844,226.5399932861328,232.0,142532800,233.58999633789062,0.0030395424675642158,0.3039542467564216,234.37000122070313,226.00399932861328,-0.0002986652241359078,0.036707331497625395,0.03823989343997281,4.177849503862108,2.0,-0.47339871525764465,0.0,1.0,0.005548455120893081,1
2023-11-20,235.60000610351562,235.60000610351562,237.10000610351562,231.02000427246094,234.0399932861328,116320100,234.3000030517578,0.005548455120893081,0.5548455120893081,236.7480010986328,227.63699951171876,-0.00484901663283277,0.03498116127377138,0.03594430366389535,-18.390644118406428,3.0,-0.46313414971033734,0.0,2.0,0.023769060694616817,1
2023-11-21,241.1999969482422,241.1999969482422,243.6199951171875,233.33999633789062,235.0399932861328,122288000,235.60000610351562,0.023769060694616817,2.3769060694616817,237.50599975585936,229.53899993896485,0.015553279480013282,0.05080181151080221,0.025101236041877792,5.130583622263041,3.0,-0.34990423917770386,0.0,2.0,-0.028980059381488954,0
2023-11-22,234.2100067138672,234.2100067138672,244.00999450683594,231.39999389648438,242.0399932861328,117950600,241.1999969482422,-0.028980059381488954,-2.8980059381488954,235.78000183105468,230.7490005493164,-0.006658728921006829,0.01499900825707412,0.025762101392228003,-3.5468729556456857,2.0,-0.8550196588039398,0.0,2.0,0.00529435207219775,1
2023-11-24,235.4499969482422,235.4499969482422,238.75,232.3300018310547,233.75,65125200,234.2100067138672,0.00529435207219775,0.529435207219775,236.152001953125,233.2960006713867,-0.0029726828444255338,0.009232889850904646,0.01909075665748985,-44.786037544531354,3.0,-0.8386682271957397,0.0,3.0,0.0026757481035388775,1
2023-11-27,236.0800018310547,236.0800018310547,238.3300018310547,232.10000610351562,236.88999938964844,112031800,235.4499969482422,0.0026757481035388775,0.26757481035388775,236.50800170898438,235.43900146484376,-0.0018096634145018387,0.002722575113820458,0.019085230773432355,72.02526825253513,3.0,0.0,0.0,0.0,0.04506946504203557,1
2023-11-28,246.72000122070312,246.72000122070312,247.0,234.00999450683594,236.67999267578125,148549900,236.0800018310547,0.04506946504203557,4.506946504203557,238.73200073242188,237.74000091552733,0.033460116213051894,0.03777235749387642,0.027448789607795544,32.596191438502274,1.0,-0.6841310262680054,0.0,1.0,-0.010457205813430348,0
2023-11-29,244.13999938964844,244.13999938964844,252.75,242.75999450683594,249.2100067138672,135401300,246.72000122070312,-0.010457205813430348,-1.0457205813430348,239.32000122070312,238.41300048828126,0.020140390039945943,0.024021336460839038,0.027288454302827263,-8.851301818446188,3.0,-0.5001783569653829,0.0,2.0,-0.016629792613843564,0
2023-11-30,240.0800018310547,240.0800018310547,245.22000122070312,236.91000366210938,245.13999938964844,132353200,244.13999938964844,-0.016629792613843564,-1.6629792613843564,240.49400024414064,238.13700103759766,-0.0017214500680502454,0.008159172178162644,0.024070949722404356,-2.25116007010272,1.0,0.0,0.0,0.0,-0.005206597761023168,0
2023-12-01,238.8300018310547,238.8300018310547,240.19000244140625,231.89999389648438,233.13999938964844,121331700,240.0800018310547,-0.005206597761023168,-0.5206597761023168,241.1700012207031,238.66100158691407,-0.009702696760809038,0.000708118389753265,0.02451365756990861,-8.327339270980982,3.0,-0.18716434637705484,0.0,1.0,-0.01360800559009756,0
2023-12-04,235.5800018310547,235.5800018310547,239.3699951171875,233.2899932861328,235.75,104099800,238.8300018310547,-0.01360800559009756,-1.360800559009756,241.07000122070312,238.78900146484375,-0.022773465640058,-0.01343864086747526,0.02563838831252254,-14.202306569511514,3.0,-0.2944675882657369,0.0,1.0,0.013328802806870987,1
2023-12-05,238.72000122070312,238.72000122070312,246.66000366210938,233.6999969482422,233.8699951171875,137971100,235.5800018310547,0.013328802806870987,1.3328802806870987,239.47000122070312,239.1010009765625,-0.003131916299231041,-0.0015934678412187209,0.011870648359353577,32.53733436567601,2.0,0.0,0.0,0.0,0.002722829646282676,1
2023-12-06,239.3699951171875,239.3699951171875,246.57000732421875,239.1699981689453,242.9199981689453,126436200,238.72000122070312,0.002722829646282676,0.2722829646282676,238.51600036621093,238.91800079345703,0.0035804505763359362,0.0018918387154980287,0.012234085672689087,-8.360374020356442,2.0,-0.30462294816970825,0.0,1.0,0.01366087788429815,1
2023-12-07,242.63999938964844,242.63999938964844,244.0800018310547,236.97999572753906,241.5500030517578,107142300,239.3699951171875,0.01366087788429815,1.366087788429815,239.0279998779297,239.76100006103516,0.01511119832640273,0.012007788288672439,0.011834525456957543,-15.259791104129983,1.0,0.0,0.0,0.0,0.0049455858525417895,1
2023-12-08,243.83999633789062,243.83999633789062,245.27000427246094,239.27000427246094,240.27000427246094,103126800,242.63999938964844,0.0049455858525417895,0.49455858525417895,240.02999877929688,240.6,0.015873005782485405,0.013466318943851308,0.011098487991941214,-3.7478194886613414,2.0,-0.43231943249702454,0.0,1.0,-0.01681426716823431,0
2023-12-11,239.74000549316406,239.74000549316406,243.44000244140625,237.4499969482422,242.74000549316406,97913900,243.83999633789062,-0.01681426716823431,-1.681426716823431,240.86199951171875,240.96600036621095,-0.0046582442262756985,-0.005087833433694677,0.012401495102556177,-5.054845103309713,3.0,-0.16022750735282898,0.0,1.0,-0.011387381846063915,0
2023-12-12,237.00999450683594,237.00999450683594,238.99000549316406,233.8699951171875,238.5500030517578,95328300,239.74000549316406,-0.011387381846063915,-1.1387381846063915,240.5199981689453,239.99499969482423,-0.014593396344714238,-0.012437780752865724,0.012464333080893243,-2.640687379422124,3.0,0.0,0.0,0.0,0.009619842336358264,1
2023-12-13,239.2899932861328,239.2899932861328,240.3000030517578,228.1999969482422,234.19000244140625,146286300,237.00999450683594,0.009619842336358264,0.9619842336358264,240.50399780273438,239.50999908447267,-0.005047751919688759,-0.0009185662359852964,0.013379197422581755,53.45526984116993,1.0,0.0,0.0,0.0,0.04914543063053567,1
2023-12-14,251.0500030517578,251.0500030517578,253.8800048828125,240.7899932861328,241.22000122070312,160829200,239.2899932861328,0.04914543063053567,4.914543063053567,242.18599853515624,240.60699920654298,0.03659998748984172,0.043402743393388565,0.025944579334505585,9.941395742458447,1.0,0.0,0.0,0.0,0.009758999874367902,1
2023-12-15,253.5,253.5,254.1300048828125,248.3000030517578,251.2100067138672,135932800,251.0500030517578,0.009758999874367902,0.9758999874367902,244.1179992675781,242.0739990234375,0.038432236707536926,0.047200447064355,0.02593386803120468,-15.480024771621071,2.0,-0.45614561438560486,0.0,1.0,-0.005601570686174839,0
2023-12-18,252.0800018310547,252.0800018310547,258.739990234375,251.36000061035156,253.77999877929688,116416500,253.5,-0.005601570686174839,-0.5601570686174839,246.58599853515625,243.7239990234375,0.022280272718384397,0.034284694330875665,0.023626917956933426,-14.357314790837828,3.0,-0.3133082588513692,0.0,1.0,0.0203903496997484,1
2023-12-19,257.2200012207031,257.2200012207031,258.3399963378906,253.00999450683594,253.47999572753906,106737400,252.0800018310547,0.0203903496997484,2.03903496997484,250.62799987792968,245.5739990234375,0.02630193492340882,0.04742359632362447,0.020383717951725836,-8.314199447672799,3.0,-0.5037729144096375,0.0,2.0,-0.03918825045959673,0
2023-12-20,247.13999938964844,247.13999938964844,259.8399963378906,247.0,256.4100036621094,125097000,257.2200012207031,-0.03918825045959673,-3.918825045959673,252.1980010986328,246.3509994506836,-0.020055677233564606,0.0032027470589695017,0.03261616132989912,17.20071877336342,1.0,0.0,0.0,0.0,0.029780693649462897,1
2023-12-21,254.5,254.5,254.8000030517578,248.5500030517578,251.89999389648438,109594200,247.13999938964844,0.029780693649462897,2.9780693649462897,252.88800048828125,247.53699951171876,0.006374361411400686,0.02812913019878316,0.02701455837595873,-12.392623324300345,3.0,0.0,0.0,0.0,-0.007701401626197146,0
2023-12-22,252.5399932861328,252.5399932861328,258.2200012207031,251.3699951171875,256.760009765625,93370100,254.5,-0.007701401626197146,-0.7701401626197146,252.6959991455078,248.40699920654296,-0.0006173657671768584,0.016637993666810402,0.027055441152634696,-14.80379436138044,0.0,0.0,0.0,0.0,0.01611622781987765,1
2023-12-26,256.6099853515625,256.6099853515625,257.9700012207031,252.91000366210938,254.49000549316406,86892400,252.5399932861328,0.01611622781987765,1.6116227819877649,253.60199584960938,250.0939971923828,0.011861063994689225,0.02605415656645027,0.02775862888425569,-6.937659914683614,3.0,0.0019437472025553386,1.0,1.0,0.018822405072142834,1
2023-12-27,261.44000244140625,261.44000244140625,263.3399963378906,257.5199890136719,258.3500061035156,106494400,256.6099853515625,0.018822405072142834,1.8822405072142834,254.44599609375,252.53699798583983,0.027487193569669444,0.035254257897156194,0.027533418553360226,22.5589349586385,1.0,-0.4677291810512543,0.0,1.0,-0.03159428430420175,0
2023-12-28,253.17999267578125,253.17999267578125,265.1300048828125,252.7100067138672,263.6600036621094,113619900,261.44000244140625,-0.03159428430420175,-3.1594284304201747,255.65399475097655,253.92599792480468,-0.009677150077803898,-0.0029378844825662664,0.024643171130171067,6.690962153878521,2.0,-0.8724620938301086,0.0,2.0,-0.018563856087399966,0
2023-12-29,248.47999572753906,248.47999572753906,255.19000244140625,247.42999267578125,255.10000610351562,100891600,253.17999267578125,-0.018563856087399966,-1.8563856087399966,254.4499938964844,253.66899719238282,-0.023462363183919144,-0.020455796815045613,0.02185788906406564,-11.20252702211496,2.0,0.0,0.0,0.0,-0.0002414583049958896,0
2024-01-02,248.4199981689453,248.4199981689453,251.25,244.41000366210938,250.0800018310547,104654200,248.47999572753906,-0.0002414583049958896,-0.02414583049958896,253.62599487304686,253.16099700927734,-0.02052627415698227,-0.018727208757825742,0.02184651742704909,3.7293491232173848,3.0,-0.510204533735911,0.0,2.0,-0.04013364984377277,0
2024-01-03,238.4499969482422,238.4499969482422,245.67999267578125,236.32000732421875,244.97999572753906,121082600,248.4199981689453,-0.04013364984377277,-4.013364984377277,249.9939971923828,251.7979965209961,-0.046177109745786926,-0.053010745745313725,0.02387141399215249,15.697793304043216,0.0,0.0,0.0,0.0,-0.0021807686270334248,0
2024-01-04,237.92999267578125,237.92999267578125,242.6999969482422,237.72999572753906,239.25,102629300,238.4499969482422,-0.0021807686270334248,-0.21807686270334248,245.2919952392578,249.8689956665039,-0.030013219780350542,-0.0477810500613588,0.01760086405098594,-15.240257477127184,3.0,0.5583667556444804,2.0,0.0,-0.001849229589212631,0
2024-01-05,237.49000549316406,237.49000549316406,240.1199951171875,234.89999389648438,236.86000061035156,92488900,237.92999267578125,-0.001849229589212631,-0.1849229589212631,242.15399780273438,248.90399627685548,-0.01926043902595298,-0.0458570009096827,0.017106594197420298,-9.880609143782525,2.0,-0.3022531569004059,0.0,1.0,0.012463646412957496,1
2024-01-08,240.4499969482422,240.4499969482422,241.25,235.3000030517578,236.13999938964844,85166600,237.49000549316406,0.012463646412957496,1.2463646412957496,240.547998046875,247.49899597167968,-0.0004074076667797133,-0.02848091967308053,0.01981309329021679,-7.916950034004078,3.0,-0.5192877054214478,0.0,2.0,-0.02283214932024613,0
2024-01-09,234.9600067138672,234.9600067138672,238.9600067138672,232.0399932861328,238.11000061035156,96705700,240.4499969482422,-0.02283214932024613,-2.283214932024613,237.8559997558594,245.74099731445312,-0.012175404635429432,-0.04387135528220576,0.02062027932840527,13.548856006932297,2.0,0.0,0.0,0.0,-0.004341182513256769,0
2024-01-10,233.94000244140625,233.94000244140625,235.5,231.2899932861328,235.10000610351562,91628500,234.9600067138672,-0.004341182513256769,-0.43411825132567694,236.9540008544922,243.4739990234375,-0.01271976165085631,-0.039158171386972085,0.01258407369872245,-5.250155885330443,1.0,0.0,0.0,0.0,-0.028725319101363445,0
2024-01-11,227.22000122070312,227.22000122070312,230.92999267578125,225.3699951171875,230.57000732421875,105873600,233.94000244140625,-0.028725319101363445,-2.8725319101363445,234.81200256347657,240.0519989013672,-0.03233225414327401,-0.05345507531448013,0.01668776966707391,15.546582122374586,2.0,-0.44281381368637085,0.0,1.0,-0.036660513098772496,0
2024-01-12,218.88999938964844,218.88999938964844,225.33999633789062,217.14999389648438,220.0800018310547,123043800,227.22000122070312,-0.036660513098772496,-3.6660513098772496,231.09200134277344,236.6229995727539,-0.05280148980589794,-0.07494199724931283,0.019884505146332495,16.217640658294428,2.0,0.07073190808296204,1.0,1.0,0.004659894354722027,1
2024-01-16,219.91000366210938,219.91000366210938,223.49000549316406,212.17999267578125,215.10000610351562,115355000,218.88999938964844,0.004659894354722027,0.46598943547220273,226.98400268554687,233.76600036621093,-0.031165187589177745,-0.059272933969846564,0.01721734866142013,-6.24883171683579,3.0,-0.46751195192337036,0.0,2.0,-0.019826295019533036,0
2024-01-17,215.5500030517578,215.5500030517578,215.6699981689453,212.00999450683594,214.86000061035156,103164400,219.91000366210938,-0.019826295019533036,-1.9826295019533036,223.102001953125,230.4790008544922,-0.03384998267722361,-0.06477378740529804,0.01703966870597334,-10.567899094100818,2.0,-0.3622027337551117,0.0,1.0,-0.017026203279914,0
2024-01-18,211.8800048828125,211.8800048828125,217.4499969482422,208.74000549316406,216.8800048828125,108595400,215.5500030517578,-0.017026203279914,-1.7026203279913998,218.69000244140625,227.8220016479492,-0.031139958308877724,-0.06997566806463096,0.015568518922594742,5.264412917634376,2.0,0.0,0.0,0.0,0.0014630807600990448,1
2024-01-19,212.19000244140625,212.19000244140625,213.19000244140625,207.55999755859375,209.99000549316406,102260300,211.8800048828125,0.0014630807600990448,0.14630807600990448,215.6840026855469,225.2480026245117,-0.016199626308097903,-0.05797165804339288,0.01690072938994031,-5.833672512832033,1.0,0.0,0.0,0.0,-0.015976244642273096,0
2024-01-22,208.8000030517578,208.8000030517578,217.8000030517578,206.27000427246094,212.25999450683594,117952500,212.19000244140625,-0.015976244642273096,-1.5976244642273096,213.66600341796874,222.3790023803711,-0.022773863358562352,-0.06106241678963431,0.011464984041070136,15.345349074860914,3.0,-0.4322856863339742,0.0,2.0,0.0016283349277841364,1
2024-01-23,209.13999938964844,209.13999938964844,215.64999389648438,207.75,211.3000030517578,106605900,208.8000030517578,0.0016283349277841364,0.16283349277841364,211.51200256347656,219.2480026245117,-0.011214508609818763,-0.046103057331721486,0.010585906912929434,-9.619635022572648,3.0,-0.3036504586537679,0.0,1.0,-0.006263735117226887,0
2024-01-24,207.8300018310547,207.8300018310547,212.72999572753906,206.77000427246094,211.8800048828125,123369900,209.13999938964844,-0.006263735117226887,-0.6263735117226887,209.96800231933594,216.53500213623047,-0.010182506213635367,-0.04020135414273185,0.00904759208267079,15.725208454691542,2.0,-0.48297154903411865,0.0,1.0,-0.12125293136804816,0
2024-01-25,182.6300048828125,182.6300048828125,193.0,180.05999755859375,189.6999969482422,198076800,207.8300018310547,-0.12125293136804816,-12.125293136804816,204.11800231933594,211.40400238037108,-0.10527242669613324,-0.1361090479535323,0.05258094766985921,60.5552083611967,1.0,0.0,0.0,0.0,0.0033948152034783963,1
2024-01-26,183.25,183.25,186.77999877929688,182.10000610351562,185.5,107343200,182.6300048828125,0.0033948152034783963,0.3394815203478396,198.3300018310547,207.0070022583008,-0.07603489987309342,-0.11476424468316826,0.052858654538926374,-45.80728283170971,3.0,-0.32184197505315143,0.0,1.0,0.04190991910385411,1
2024-01-29,190.92999267578125,190.92999267578125,191.47999572753906,183.6699981689453,185.6300048828125,125013100,183.25,0.04190991910385411,4.190991910385411,194.75599975585936,204.21100158691405,-0.019645130752707463,-0.06503571701782329,0.061671269806131426,16.46112655482601,3.0,-0.5520989696184794,0.0,2.0,0.0034567835721344142,1
2024-01-30,191.58999633789062,191.58999633789062,196.36000061035156,190.61000061035156,195.3300018310547,109982300,190.92999267578125,0.0034567835721344142,0.3456783572134414,191.24599914550782,201.37900085449218,0.0017987157583414515,-0.04860985740849244,0.0618080668254572,-12.023379949781265,1.0,-0.9186280369758606,0.0,1.0,-0.02244377647032403,0
2024-01-31,187.2899932861328,187.2899932861328,193.97000122070312,185.85000610351562,187.0,103221400,191.58999633789062,-0.02244377647032403,-2.244377647032403,187.13799743652345,198.5529998779297,0.0008122126542522423,-0.05672544156331749,0.061610416836988126,-6.147261877593035,2.0,0.0,0.0,0.0,0.008382761388752824,1
2024-02-01,188.86000061035156,188.86000061035156,189.8800048828125,184.27999877929688,188.5,91843300,187.2899932861328,0.008382761388752824,0.8382761388752824,188.38399658203124,196.2509994506836,0.0025267752938507027,-0.03766094879017079,0.022984148092148337,-11.023004919522506,1.0,0.0,0.0,0.0,-0.0050301649114266045,0
2024-02-02,187.91000366210938,187.91000366210938,188.69000244140625,182.0,185.0399932861328,110612700,188.86000061035156,-0.0050301649114266045,-0.5030164911426604,189.3159973144531,193.8229995727539,-0.007426702826430431,-0.030507194314805752,0.02360935409583501,20.4363301405764,3.0,0.0,0.0,0.0,-0.03645365318513305,0
2024-02-05,181.05999755859375,181.05999755859375,184.67999267578125,175.00999450683594,184.25999450683594,134294400,187.91000366210938,-0.03645365318513305,-3.645365318513305,187.3419982910156,191.0489990234375,-0.033532260730257946,-0.052285023820607957,0.018691452261942958,21.40956689421738,3.0,0.0,0.0,0.0,0.0223130928940527,1
2024-02-06,185.10000610351562,185.10000610351562,186.49000549316406,177.11000061035156,177.2100067138672,122676000,181.05999755859375,0.0223130928940527,2.23130928940527,186.04400024414062,188.6449996948242,-0.005074036998700349,-0.01879187678996741,0.023479616598049903,-8.651440417470868,1.0,0.0,0.0,0.0,0.01339813963135228,1
2024-02-07,187.5800018310547,187.5800018310547,189.7899932861328,182.67999267578125,188.17999267578125,111535200,185.10000610351562,0.01339813963135228,1.339813963135228,186.102001953125,186.61999969482423,0.00794188059461054,0.005144154634017406,0.022915408214774155,-9.081482930646578,3.0,-0.6379989385604858,0.0,2.0,0.010555473441792307,1
2024-02-08,189.55999755859375,189.55999755859375,191.6199951171875,185.5800018310547,189.0,83034000,187.5800018310547,0.010555473441792307,1.0555473441792307,186.24200134277345,187.31299896240233,0.01781550988444125,0.011995956546734021,0.023121410348212485,-25.553547220967012,1.0,0.0,0.0,0.0,0.021154303741671487,1
2024-02-09,193.57000732421875,193.57000732421875,194.1199951171875,189.47999572753906,190.17999267578125,84476300,189.55999755859375,0.021154303741671487,2.1154303741671487,187.3740020751953,188.34499969482422,0.033067582377500404,0.02774168487541817,0.024358675266644973,1.7369993014909602,0.0,0.0,0.0,0.0,-0.028103539988478476,0
2024-02-12,188.1300048828125,188.1300048828125,194.72999572753906,187.27999877929688,192.11000061035156,95498600,193.57000732421875,-0.028103539988478476,-2.8103539988478476,188.78800354003906,188.06500091552735,-0.0034853838426603945,0.0003456462763868906,0.020718006186023093,13.047801572748806,3.0,-0.7063213785489401,0.0,3.0,-0.021846598116614713,0
2024-02-13,184.02000427246094,184.02000427246094,187.25999450683594,182.11000061035156,183.99000549316406,86759500,188.1300048828125,-0.021846598116614713,-2.1846598116614713,188.57200317382814,187.30800170898436,-0.024139314557586333,-0.01755396142462673,0.02236529744774575,-9.151024203496172,2.0,-0.5778792351484299,0.0,2.0,0.025486372853585015,1
2024-02-14,188.7100067138672,188.7100067138672,188.88999938964844,183.35000610351562,185.3000030517578,81203000,184.02000427246094,0.025486372853585015,2.5486372853585015,188.79800415039062,187.45000305175782,-0.0004660930443594058,0.006721811905020081,0.02482468357792556,-6.404485964073103,3.0,0.0,0.0,0.0,0.06221180550417671,1
2024-02-15,200.4499969482422,200.4499969482422,200.8800048828125,188.86000061035156,189.16000366210938,120831800,188.7100067138672,0.06221180550417671,6.221180550417671,190.97600402832032,188.60900268554687,0.04960828962845487,0.06278064193169453,0.037217449186046234,48.80213785204981,1.0,0.0,0.0,0.0,-0.0024943876658132247,0
2024-02-16,199.9499969482422,199.9499969482422,203.1699981689453,197.39999389648438,202.05999755859375,111346700,200.4499969482422,-0.0024943876658132247,-0.24943876658132247,192.252001953125,189.81300201416016,0.04004116949062575,0.05340516627689085,0.03723105128840298,-7.849837542766059,2.0,0.0,0.0,0.0,-0.030957752117438453,0
2024-02-20,193.75999450683594,193.75999450683594,198.60000610351562,189.1300048828125,196.1300048828125,104545800,199.9499969482422,-0.030957752117438453,-3.0957752117438453,193.37799987792968,191.08300170898437,0.0019753779082800627,0.014009581040225427,0.03792030271564801,-6.107859505490509,3.0,-0.316016952196757,0.0,1.0,0.00521268473502845,1
2024-02-21,194.77000427246094,194.77000427246094,199.44000244140625,191.9499969482422,193.36000061035156,103500300,193.75999450683594,0.00521268473502845,0.521268473502845,195.5279998779297,192.0500015258789,-0.003876660150679112,0.014162992579906275,0.03465751166031811,-1.0000401737802922,1.0,0.0,0.0,0.0,0.013554445406056326,1
2024-02-22,197.41000366210938,197.41000366210938,198.32000732421875,191.36000061035156,194.0,92739500,194.77000427246094,0.013554445406056326,1.3554445406056326,197.26799926757812,193.0330017089844,0.0007198551972873446,0.022674889342101823,0.033889706909002504,-10.396878076681904,2.0,0.0,0.0,0.0,-0.027556873210526134,0
2024-02-23,191.97000122070312,191.97000122070312,197.57000732421875,191.5,195.30999755859375,78841900,197.41000366210938,-0.027556873210526134,-2.7556873210526134,195.5720001220703,193.2740020751953,-0.018417763785812502,-0.006746902534697119,0.019862057963347904,-14.985631796591525,2.0,-0.3815139830112457,0.0,1.0,0.03870392576202142,1
2024-02-26,199.39999389648438,199.39999389648438,201.77999877929688,192.0,192.2899932861328,111747100,191.97000122070312,0.03870392576202142,3.870392576202142,195.46199951171874,193.85700073242188,0.02014710989656865,0.028593206039091656,0.029267878346753724,41.73567608086564,3.0,0.1997666358947754,1.0,0.0,0.0016549741281637331,1
2024-02-27,199.72999572753906,199.72999572753906,205.60000610351562,198.25999450683594,204.0399932861328,108645400,199.39999389648438,0.0016549741281637331,0.1654974128163733,196.65599975585937,195.01699981689453,0.015631335812260616,0.024167102945228613,0.023831107873093033,-2.775642499894848,1.0,0.0,0.0,0.0,0.01156560160219966,1
2024-02-28,202.0399932861328,202.0399932861328,205.3000030517578,198.44000244140625,200.4199981689453,99806200,199.72999572753906,0.01156560160219966,1.156560160219966,198.10999755859376,196.81899871826172,0.01983744271349397,0.026526883084822206,0.023926885850577187,-8.135825354778026,2.0,0.0,0.0,0.0,-0.0007918650199801869,0
2024-02-29,201.8800048828125,201.8800048828125,205.27999877929688,198.4499969482422,204.17999267578125,85907000,202.0399932861328,-0.0007918650199801869,-0.07918650199801869,199.00399780273438,198.13599853515626,0.014452006551793017,0.018896143938184506,0.023892158430396222,-13.92618895419323,3.0,-0.48296531041463214,0.0,2.0,0.003764585340074067,1
2024-03-01,202.63999938964844,202.63999938964844,204.52000427246094,198.5,200.52000427246094,82243100,201.8800048828125,0.003764585340074067,0.3764585340074067,201.13799743652345,198.35499877929686,0.007467519674391632,0.021602685269955568,0.016175244276552925,-4.264960946139428,2.0,-0.7741234600543976,0.0,2.0,-0.07155546804023882,0
2024-03-04,188.13999938964844,188.13999938964844,199.75,186.72000122070312,198.72999572753906,134334900,202.63999938964844,-0.07155546804023882,-7.155546804023882,198.88599853515626,197.1739990234375,-0.05403094850645451,-0.04581739822964792,0.03412657403604509,63.33880896999262,3.0,-0.6392551263173422,0.0,2.0,-0.03933237971984138,0
2024-03-05,180.74000549316406,180.74000549316406,184.58999633789062,177.57000732421875,183.0500030517578,119660800,188.13999938964844,-0.03933237971984138,-3.933237971984138,195.08800048828124,195.87200012207032,-0.0735462712171221,-0.07725450610335205,0.03521057074396668,-10.9235202467862,0.0,0.0,0.0,0.0,-0.02323786698783792,0
2024-03-06,176.5399932861328,176.5399932861328,181.5800018310547,173.6999969482422,179.99000549316406,107920900,180.74000549316406,-0.02323786698783792,-2.323786698783792,189.98800048828124,194.0489990234375,-0.07078345562659849,-0.09022981734211322,0.03074815899587916,-9.810982376851907,3.0,-0.30649274587631226,0.0,1.0,0.011951969472048907,1
2024-03-07,178.64999389648438,178.64999389648438,180.0399932861328,173.6999969482422,174.35000610351562,102129000,176.5399932861328,0.011951969472048907,1.1951969472048907,185.3419982910156,192.172998046875,-0.03610624929177553,-0.07036890868035517,0.03376423925076358,-5.366801055217296,2.0,-0.48244011402130127,0.0,1.0,-0.018527834714126334,0
2024-03-08,175.33999633789062,175.33999633789062,182.72999572753906,174.6999969482422,181.5,85544600,178.64999389648438,-0.018527834714126334,-1.8527834714126334,179.88199768066406,190.50999755859374,-0.025249893826710945,-0.07962837339304141,0.0305530803444858,-16.23867853401091,3.0,0.08758749564488728,1.0,1.0,0.013858834181150304,1
2024-03-11,177.77000427246094,177.77000427246094,182.8699951171875,174.8000030517578,175.4499969482422,85391500,175.33999633789062,0.013858834181150304,1.3858834181150304,177.80799865722656,188.3469985961914,-0.0002136820899653058,-0.05615695711938118,0.02320503963729117,-0.1789709695293462,3.0,0.0,0.0,0.0,-0.0012938683737420131,0
2024-03-12,177.5399932861328,177.5399932861328,179.42999267578125,172.41000366210938,177.77000427246094,87391700,177.77000427246094,-0.0012938683737420131,-0.1293868373742013,177.16799621582032,186.12799835205078,0.002099685486420144,-0.04614031817864517,0.017032073326585687,2.3423877083784683,3.0,-0.25813086827596027,0.0,1.0,-0.04539820808488959,0
2024-03-13,169.47999572753906,169.47999572753906,176.0500030517578,169.14999389648438,173.0500030517578,106524500,177.5399932861328,-0.04539820808488959,-4.539820808488959,175.75599670410156,182.87199859619142,-0.03570860223408834,-0.0732315661853945,0.02464879997030923,21.8931546130811,1.0,-0.9737247824668884,0.0,1.0,-0.04118477639544138,0
2024-03-14,162.5,162.5,171.1699981689453,160.50999450683594,167.77000427246094,126325700,169.47999572753906,-0.04118477639544138,-4.118477639544138,172.5259979248047,178.93399810791016,-0.05811296874326455,-0.09184391050156526,0.025403041883095286,18.588399851677305,2.0,0.3055572807788849,1.0,0.0,0.006584660456730784,1
2024-03-15,163.57000732421875,163.57000732421875,165.17999267578125,160.75999450683594,163.16000366210938,97146800,162.5,0.006584660456730784,0.6584660456730784,170.1720001220703,175.0269989013672,-0.03879599930138744,-0.06545842440916672,0.027770626017243505,-23.098150257627704,3.0,-0.5104801257451376,0.0,2.0,0.06254200201423088,1
2024-03-18,173.8000030517578,173.8000030517578,174.72000122070312,165.89999389648438,170.02000427246094,108214400,163.57000732421875,0.06254200201423088,6.254200201423088,169.37799987792968,173.59299926757814,0.02610730541755757,0.0011924661999795916,0.043713278991708904,11.392655239287341,3.0,-0.11601744095484416,1.0,1.0,-0.014269250195585559,0
2024-03-19,171.32000732421875,171.32000732421875,172.82000732421875,167.4199981689453,172.36000061035156,77271400,173.8000030517578,-0.014269250195585559,-1.4269250195585559,168.13400268554688,172.6509994506836,0.018949198780632726,-0.007709148112085118,0.04391569192252864,-28.59416122068782,1.0,0.0,0.0,0.0,0.025332688257929448,1
2024-03-20,175.66000366210938,175.66000366210938,176.25,170.82000732421875,173.0,83846700,171.32000732421875,0.025332688257929448,2.5332688257929448,169.37000427246093,172.56300048828126,0.03713762313856872,0.01794708694833136,0.039345009560675805,8.509357925442007,3.0,-0.22849367062250772,0.0,1.0,-0.016167575308454918,0
2024-03-21,172.82000732421875,172.82000732421875,178.17999267578125,171.8000030517578,176.38999938964844,73178000,175.66000366210938,-0.016167575308454918,-1.6167575308454918,171.4340057373047,171.9800018310547,0.008084752969244047,0.004884320759510397,0.03256466685273082,-12.724054733221458,1.0,0.0,0.0,0.0,-0.01151490226146512,0
2024-03-22,170.8300018310547,170.8300018310547,171.1999969482422,166.3000030517578,166.69000244140625,75580600,172.82000732421875,-0.01151490226146512,-1.151490226146512,172.88600463867186,171.52900238037108,-0.011892245482300168,-0.004075115809082486,0.034384074728840114,3.2832271994315265,2.0,-0.24067649245262146,0.0,1.0,0.010536808713131895,1
2024-03-25,172.6300048828125,172.6300048828125,175.24000549316406,168.72999572753906,168.75999450683594,74228600,170.8300018310547,0.010536808713131895,1.0536808713131895,172.65200500488282,171.01500244140624,-0.00012742465440640505,0.009443630198231245,0.018323248160008795,-1.78881882387808,3.0,0.0,0.0,0.0,0.029195349264770964,1
2024-03-26,177.6699981689453,177.6699981689453,184.25,177.3800048828125,178.5800018310547,113186200,172.6300048828125,0.029195349264770964,2.9195349264770964,173.92200317382813,171.0280029296875,0.02154986101080736,0.03883571769231531,0.020734229060621896,52.483274640771896,2.0,0.0,0.0,0.0,0.012157391142962881,1
2024-03-27,179.8300018310547,179.8300018310547,181.91000366210938,176.0,181.41000366210938,81804000,177.6699981689453,0.012157391142962881,1.2157391142962881,174.7560028076172,172.06300354003906,0.02903476242257197,0.04514043188376782,0.01862781467848027,-27.72617156508479,1.0,0.0,0.0,0.0,-0.022465709302040393,0
2024-03-28,175.7899932861328,175.7899932861328,179.57000732421875,175.3000030517578,177.4499969482422,77654800,179.8300018310547,-0.022465709302040393,-2.2465709302040393,175.35,173.39200286865236,0.002509228891547366,0.01382987898984589,0.0205204165138057,-5.072123612537283,2.0,-0.8121026158332825,0.0,2.0,-0.003242460249155976,0
2024-04-01,175.22000122070312,175.22000122070312,176.75,170.2100067138672,176.1699981689453,81562100,175.7899932861328,-0.003242460249155976,-0.3242460249155976,176.22799987792968,174.55700225830077,-0.005719855289311404,0.0037981802724893488,0.019295878003015347,5.031627149899287,3.0,-0.9507061441739401,0.0,3.0,-0.049024062767074494,0
2024-04-02,166.6300048828125,166.6300048828125,167.69000244140625,163.42999267578125,164.75,116650600,175.22000122070312,-0.049024062767074494,-4.902406276707449,175.0279998779297,173.84000244140626,-0.04798086592416195,-0.041474904839718496,0.03039700994816361,43.02059412398651,2.0,0.0,0.0,0.0,0.01050231020055925,1
2024-04-03,168.3800048828125,168.3800048828125,168.82000732421875,163.27999877929688,164.02000427246094,82950100,166.6300048828125,0.01050231020055925,1.050231020055925,173.1700012207031,173.54600219726564,-0.027660658913929437,-0.029767308085732025,0.025663063708517567,-28.890121439581108,1.0,0.9153016805648804,1.0,0.0,0.016213301154368365,1
2024-04-04,171.11000061035156,171.11000061035156,177.19000244140625,168.00999450683594,170.07000732421875,123162000,168.3800048828125,0.016213301154368365,1.6213301154368365,171.4260009765625,173.09100189208985,-0.0018433631095094993,-0.011444854210118316,0.026601836634078176,48.477217025657595,2.0,-0.7688396871089935,0.0,2.0,-0.036292482565110196,0
2024-04-05,164.89999389648438,164.89999389648438,170.86000061035156,160.50999450683594,169.0800018310547,143157600,171.11000061035156,-0.036292482565110196,-3.6292482565110196,169.2480010986328,172.29900054931642,-0.025690153939333937,-0.04294282978567976,0.02889318752482384,16.23520241632972,1.0,0.0,0.0,0.0,0.04899940648952894,1
2024-04-08,172.97999572753906,172.97999572753906,174.5,167.7899932861328,169.33999633789062,104423300,164.89999389648438,0.04899940648952894,4.899940648952894,168.8,172.51399993896484,0.024763007864567754,0.002701205633972137,0.040237347840987446,-27.057103499918966,3.0,-0.055601656436920166,1.0,1.0,0.02254601255405486,1
2024-04-09,176.8800048828125,176.8800048828125,179.22000122070312,171.9199981689453,172.91000366210938,102951700,172.97999572753906,0.02254601255405486,2.254601255405486,170.85,172.93899993896486,0.035294146226587664,0.02278841062593484,0.030949791109583537,-1.409264024408341,3.0,-0.5760331749916077,0.0,2.0,-0.028946236061948905,0
2024-04-10,171.75999450683594,171.75999450683594,174.92999267578125,170.00999450683594,173.0399932861328,84532400,176.8800048828125,-0.028946236061948905,-2.8946236061948905,171.5259979248047,172.3479995727539,0.0013642047553270586,-0.0034117313074455424,0.03614462073213048,-17.891205293356016,1.0,0.0,0.0,0.0,0.01653476762638495,1
2024-04-11,174.60000610351562,174.60000610351562,175.8800048828125,168.50999450683594,172.5500030517578,94516000,171.75999450683594,0.01653476762638495,1.653476762638495,172.2239990234375,171.825,0.013796027810007994,0.01615018829341275,0.03617093238808644,11.810382764478478,3.0,0.0,0.0,0.0,-0.020332204625772565,0
2024-04-12,171.0500030517578,171.0500030517578,173.80999755859375,170.36000061035156,172.33999633789062,64722700,174.60000610351562,-0.020332204625772565,-2.0332204625772565,173.4540008544922,171.3510009765625,-0.013859569631668789,-0.0017566160867997782,0.03214354946064773,-31.521964535105162,2.0,0.0,0.0,0.0,-0.05594859487563397,0
2024-04-15,161.47999572753906,161.47999572753906,170.69000244140625,161.3800048828125,170.24000549316406,100245300,171.0500030517578,-0.05594859487563397,-5.594859487563397,171.15400085449218,169.97700042724608,-0.05652222605755819,-0.04998914369796714,0.032742114310036305,54.88429870818121,3.0,-0.9004977742830912,0.0,3.0,-0.027062145360474688,0
2024-04-16,157.11000061035156,157.11000061035156,158.19000244140625,153.75,156.74000549316406,97000000,161.47999572753906,-0.027062145360474688,-2.7062145360474688,167.2,169.025,-0.06034688630172502,-0.07049252707971276,0.026016676421379354,-3.2373587589642594,2.0,0.42909660935401917,1.0,0.0,-0.010565868854054306,0
2024-04-17,155.4499969482422,155.4499969482422,158.3300018310547,153.77999877929688,157.63999938964844,82439700,157.11000061035156,-0.010565868854054306,-1.0565868854054306,163.93800048828126,167.73199920654298,-0.05177569272992211,-0.07322396630577865,0.02629020102501689,-15.010618556701028,1.0,0.0,0.0,0.0,-0.03550983840996058,0
2024-04-18,149.92999267578125,149.92999267578125,152.1999969482422,148.6999969482422,151.25,96098800,155.4499969482422,-0.03550983840996058,-3.550983840996058,159.00399780273438,165.61399841308594,-0.05706777975614574,-0.09470217425814786,0.017200312591143737,16.568594985183104,2.0,0.34985122084617615,1.0,0.0,-0.0192088959161848,0
2024-04-19,147.0500030517578,147.0500030517578,150.94000244140625,146.22000122070312,148.97000122070312,87074500,149.92999267578125,-0.0192088959161848,-1.9208895916184798,154.20399780273436,163.8289993286133,-0.04639305629500157,-0.10241774255850544,0.017362827355722567,-9.390647958143072,2.0,-0.47036154568195343,0.0,2.0,-0.03400203941675628,0
2024-04-22,142.0500030517578,142.0500030517578,144.44000244140625,138.8000030517578,140.55999755859375,107097600,147.0500030517578,-0.03400203941675628,-3.400203941675628,150.31799926757813,160.73600006103516,-0.055003367900756994,-0.11625271875735266,0.010455417772728584,22.995366037129127,3.0,-0.34142541885375977,1.0,2.0,0.018514534090260826,1
2024-04-23,144.67999267578125,144.67999267578125,147.25999450683594,141.11000061035156,143.3300018310547,124545100,142.0500030517578,0.018514534090260826,1.8514534090260826,147.83199768066407,157.51599884033203,-0.021321534270892784,-0.08149017407153769,0.021998112677091265,16.29121474244053,2.0,0.4548892080783844,1.0,0.0,0.12061109407252757,1
2024-04-24,162.1300048828125,162.1300048828125,167.97000122070312,157.50999450683594,162.83999633789062,181178000,144.67999267578125,0.12061109407252757,12.061109407252758,149.16799926757812,156.5529998779297,0.0868953507379493,0.035623750482145944,0.06551290542109339,45.47180097811958,1.0,0.9027771353721619,1.0,0.0,0.04965143743002587,1
2024-04-25,170.17999267578125,170.17999267578125,170.8800048828125,158.36000061035156,158.9600067138672,126427500,162.1300048828125,0.04965143743002587,4.965143743002587,153.21799926757814,156.11099853515626,0.11070496605676783,0.09012173564091741,0.061653415268153204,-30.219176721235474,3.0,0.4216652711232503,2.0,0.0,-0.011105884774887609,0
2024-04-26,168.2899932861328,168.2899932861328,172.1199951171875,166.3699951171875,168.85000610351562,109815700,170.17999267578125,-0.011105884774887609,-1.1105884774887609,157.46599731445312,155.83499755859376,0.06873862393329655,0.07992425272029147,0.060221267314299214,-13.139388186905542,2.0,0.0,0.0,0.0,0.1530691710339953,1
2024-04-29,194.0500030517578,194.0500030517578,198.8699951171875,184.5399932861328,188.4199981689453,243869700,168.2899932861328,0.1530691710339953,15.306917103399531,167.86599731445312,159.0919982910156,0.15598159339116058,0.21973452553406259,0.06897601929993544,122.07179847690269,3.0,-0.0013666947682698567,1.0,1.0,-0.05550118063944742,0
2024-04-30,183.27999877929688,183.27999877929688,190.9499969482422,182.83999633789062,186.97999572753906,127031800,194.0500030517578,-0.05550118063944742,-5.550118063944742,175.58599853515625,161.70899810791016,0.04381898504623716,0.1333939417334844,0.08727067984319471,-47.909969955267094,2.0,-0.3987244665622711,0.0,1.0,-0.017950640048260635,0
2024-05-01,179.99000549316406,179.99000549316406,185.86000061035156,179.00999450683594,182.0,92829700,183.27999877929688,-0.017950640048260635,-1.7950640048260635,179.15799865722656,164.16299896240236,0.004643983758321202,0.09641031554489632,0.08159180295517635,-26.924045790109254,2.0,-0.46457821130752563,0.0,1.0,0.0001110562423569661,1
2024-05-02,180.00999450683594,180.00999450683594,184.60000610351562,176.02000427246094,182.86000061035156,89148000,179.99000549316406,0.0001110562423569661,0.01110562423569661,181.1239990234375,167.1709991455078,-0.006150507512024506,0.07680157100785712,0.08064477751481407,-3.9660798214364634,3.0,-0.30882855256398517,0.0,1.0,0.006555235656792835,1
2024-05-03,181.19000244140625,181.19000244140625,184.77999877929688,178.4199981689453,182.10000610351562,75491500,180.00999450683594,0.006555235656792835,0.6555235656792835,183.7040008544922,170.58499908447266,-0.0136850498704012,0.062168440448166606,0.0796661592455144,-15.31890788351954,1.0,0.0,0.0,0.0,0.019703030064167848,1
2024-05-06,184.75999450683594,184.75999450683594,187.55999755859375,182.1999969482422,183.8000030517578,84390300,181.19000244140625,0.019703030064167848,1.9703030064167848,181.84599914550782,174.85599822998046,0.016024522810625275,0.05664087235846038,0.029113772664337467,11.787817171469639,3.0,0.21841077009836832,1.0,0.0,-0.03761635178001177,0
2024-05-07,177.80999755859375,177.80999755859375,183.25999450683594,177.39999389648438,182.39999389648438,75045900,184.75999450683594,-0.03761635178001177,-3.761635178001177,180.7519989013672,178.16899871826172,-0.01627645260166022,-0.0020149473940506146,0.02234897903700404,-11.072836570079737,2.0,0.0,0.0,0.0,-0.017378079862311324,0
2024-05-08,174.72000122070312,174.72000122070312,176.05999755859375,170.14999389648438,171.58999633789062,79969500,177.80999755859375,-0.017378079862311324,-1.7378079862311324,179.697998046875,179.4279983520508,-0.027702016050692668,-0.026238921319905906,0.0222727470343579,6.56078479970259,2.0,0.40428483486175537,1.0,0.0,-0.01573946875450305,0
2024-05-09,171.97000122070312,171.97000122070312,175.6199951171875,171.3699951171875,175.00999450683594,65950300,174.72000122070312,-0.01573946875450305,-1.573946875450305,178.08999938964843,179.60699920654298,-0.03436463692469993,-0.04252060342624797,0.02236225922102804,-17.53068357311225,3.0,0.0,0.0,0.0,-0.02035238689978358,0
2024-05-10,168.47000122070312,168.47000122070312,173.05999755859375,167.75,173.0500030517578,72627200,171.97000122070312,-0.02035238689978358,-2.035238689978358,175.5459991455078,179.625,-0.04030851149697512,-0.06210159376087332,0.0209047459995202,10.12413893492523,0.0,0.0,0.0,0.0,0.020300339194899042,1
2024-05-13,171.88999938964844,171.88999938964844,175.39999389648438,169.0,170.0,67018900,168.47000122070312,0.020300339194899042,2.030033919489904,172.9720001220703,177.40899963378905,-0.006255351916253926,-0.031108907978360967,0.02114776460897967,-7.722038024321465,3.0,-0.5922504266103109,0.0,2.0,0.03292805679333921,1
2024-05-14,177.5500030517578,177.5500030517578,179.49000549316406,174.07000732421875,174.5,86407400,171.88999938964844,0.03292805679333921,3.292805679333921,172.9200012207031,176.83600006103515,0.026775397862421224,0.004037656305708293,0.024800691604458823,28.929898879271377,3.0,0.03815742333730062,1.0,1.0,-0.02005067585133169,0
2024-05-15,173.99000549316406,173.99000549316406,180.0,173.11000061035156,179.89999389648438,79663000,177.5500030517578,-0.02005067585133169,-2.005067585133169,172.7740020751953,176.23600006103516,0.00703811570816959,-0.012744243895079554,0.025291512359575413,-7.80535000474496,0.0,0.0,0.0,0.0,0.004885285464054867,1
2024-05-16,174.83999633789062,174.83999633789062,175.7899932861328,171.42999267578125,174.10000610351562,59812200,173.99000549316406,0.004885285464054867,0.4885285464054867,173.3480010986328,175.71900024414063,0.00860693650807609,-0.005002327039356769,0.023841889403613665,-24.918469050876823,3.0,-0.3017641305923462,1.0,2.0,0.014985188920464187,1
2024-05-17,177.4600067138672,177.4600067138672,179.6300048828125,172.75,173.5500030517578,77445800,174.83999633789062,0.014985188920464187,1.4985188920464187,175.14600219726563,175.34600067138672,0.013211860319799484,0.01205619765712429,0.01989968599224121,29.481610775059263,1.0,-0.5231919288635254,0.0,1.0,-0.014144086952910362,0
2024-05-20,174.9499969482422,174.9499969482422,177.75,173.52000427246094,177.55999755859375,61727400,177.4600067138672,-0.014144086952910362,-1.4144086952910362,175.75800170898438,174.36500091552733,-0.004597257324762238,0.0033550083425186727,0.021595969435982184,-20.296000557809457,3.0,-0.614190399646759,0.0,2.0,0.06659050790792542,1
2024-05-21,186.60000610351562,186.60000610351562,186.8800048828125,174.7100067138672,175.50999450683594,115266500,174.9499969482422,0.06659050790792542,6.659050790792542,177.56800231933593,175.24400177001954,0.050865041371229935,0.06480110142884699,0.034418203404563606,86.73474016401144,1.0,0.0,0.0,0.0,-0.03478030697150003,0
2024-05-22,180.11000061035156,180.11000061035156,183.8000030517578,178.1199951171875,182.85000610351562,88313500,186.60000610351562,-0.03478030697150003,-3.478030697150003,178.79200134277343,175.7830017089844,0.00737169033110896,0.024615570671222775,0.038113788515390976,-23.38320327241653,3.0,0.0,0.0,0.0,-0.03536724832380789,0
2024-05-23,173.74000549316406,173.74000549316406,181.89999389648438,173.25999450683594,181.8000030517578,71975500,180.11000061035156,-0.03536724832380789,-3.5367248323807887,178.57200317382814,175.96000213623046,-0.027059099941665776,-0.012616484519860638,0.04277248987747244,-18.50000283082428,2.0,-0.4641387462615967,0.0,1.0,0.03165649721483632,1
2024-05-24,179.24000549316406,179.24000549316406,180.0800018310547,173.72999572753906,174.83999633789062,65584500,173.74000549316406,0.03165649721483632,3.165649721483632,178.9280029296875,177.03700256347656,0.00174373244192072,0.012443742820925863,0.04488331073884125,-8.879410354912432,1.0,0.0,0.0,0.0,-0.01389201861667555,0
2024-05-28,176.75,176.75,178.25,173.16000366210938,176.39999389648438,59736600,179.24000549316406,-0.01389201861667555,-1.389201861667555,179.28800354003906,177.52300262451172,-0.014156014289446128,-0.004354380069532371,0.044859668766338255,-8.916588523202895,3.0,-0.2719564040501912,0.0,1.0,-0.0031683030189180172,0
2024-05-29,176.19000244140625,176.19000244140625,178.14999389648438,173.92999267578125,174.19000244140625,54782600,176.75,-0.0031683030189180172,-0.3168303018918017,177.20600280761718,177.38700256347656,-0.005733442152712764,-0.006747958445500912,0.027606525453851703,-8.293073258270478,2.0,0.26037558913230896,1.0,0.0,0.014756744473008343,1
2024-05-30,178.7899932861328,178.7899932861328,182.6699981689453,175.3800048828125,178.5800018310547,77618400,176.19000244140625,0.014756744473008343,1.4756744473008343,176.94200134277344,177.86700134277345,0.010444054714739082,0.0051892252997542965,0.025819224783611438,41.6844034419688,1.0,-0.927410900592804,0.0,1.0,-0.003971091681523098,0
2024-05-31,178.0800018310547,178.0800018310547,180.32000732421875,173.82000732421875,178.5,67314600,178.7899932861328,-0.003971091681523098,-0.3971091681523098,177.81000061035155,178.19100189208984,0.0015184816364453013,-0.0006229274197716572,0.0180958819588545,-13.274945116106496,2.0,-0.7835809588432312,0.0,2.0,-0.0100517100545634,0
2024-06-03,176.2899932861328,176.2899932861328,182.63999938964844,174.49000549316406,178.1300048828125,68568900,178.0800018310547,-0.0100517100545634,-1.00517100545634,177.21999816894532,178.0740005493164,-0.005247742311372372,-0.010018347752509316,0.011003228472621937,1.8633401966289709,3.0,-0.32152851422627765,0.0,1.0,-0.008622094682395387,0
2024-06-04,174.77000427246094,174.77000427246094,177.75999450683594,174.0,174.77999877929688,60056300,176.2899932861328,-0.008622094682395387,-0.8622094682395387,176.8239990234375,178.05600128173828,-0.011616040595848642,-0.018454851201998523,0.009930981485503814,-12.414666124146656,3.0,0.0,0.0,0.0,0.0013159908560766986,1
2024-06-05,175.0,175.0,176.14999389648438,172.1300048828125,175.35000610351562,57953800,174.77000427246094,0.0013159908560766986,0.13159908560766986,176.58599853515625,176.89600067138673,-0.008981451237995541,-0.010718165838632276,0.010024989276480527,-3.5008816726971204,2.0,-0.7650053203105927,0.0,2.0,0.01680001395089281,1
2024-06-06,177.94000244140625,177.94000244140625,179.72999572753906,172.72999572753906,174.60000610351562,69887000,175.0,0.01680001395089281,1.6800013950892811,176.41600036621094,176.6790008544922,0.008638683974422579,0.007137246536460751,0.010851464068432888,20.59088446314132,2.0,0.0,0.0,0.0,-0.0025851787543875737,0
2024-06-07,177.47999572753906,177.47999572753906,179.35000610351562,175.5800018310547,176.1300048828125,56244900,177.94000244140625,-0.0025851787543875737,-0.25851787543875737,176.2959991455078,177.0529998779297,0.006715958318793236,0.002411683789056207,0.010770993206370422,-19.520225506889687,2.0,0.0,0.0,0.0,-0.020791089307163446,0
2024-06-10,173.7899932861328,173.7899932861328,178.57000732421875,173.1699981689453,176.05999755859375,50774600,177.47999572753906,-0.020791089307163446,-2.0791089307163446,175.7959991455078,176.50799865722655,-0.011410986991317151,-0.015398766014972698,0.0137724488453231,-9.72585958904718,3.0,-0.30531032880147296,0.0,1.0,-0.018010183238054034,0
2024-06-11,170.66000366210938,170.66000366210938,174.75,167.41000366210938,173.9199981689453,64761900,173.7899932861328,-0.018010183238054034,-1.8010183238054034,174.9739990234375,175.8989990234375,-0.024655065240580476,-0.029784111282123216,0.01532146214244094,27.54782903262656,2.0,0.2978871166706085,1.0,0.0,0.03884911216309472,1
2024-06-12,177.2899932861328,177.2899932861328,180.5500030517578,169.8000030517578,171.1199951171875,90389400,170.66000366210938,0.03884911216309472,3.8849112163094723,175.43199768066407,176.00899810791014,0.01059097331178327,0.00727800960174374,0.025070542724867372,39.571877909696894,3.0,0.26504607995351154,1.0,0.0,0.029217711832219218,1
2024-06-13,182.47000122070312,182.47000122070312,191.0800018310547,181.22999572753906,188.38999938964844,118984100,177.2899932861328,0.029217711832219218,2.9217711832219218,176.33799743652344,176.3769989013672,0.03477414892605335,0.03454533390004699,0.027312446737585545,31.635014725177957,2.0,-0.05239960551261902,1.0,1.0,-0.024442410719736185,0
2024-06-14,178.00999450683594,178.00999450683594,186.0,176.9199981689453,185.8000030517578,82038200,182.47000122070312,-0.024442410719736185,-2.4442410719736185,176.44399719238282,176.3699981689453,0.008875322138307995,0.009298612887208124,0.030464500652026695,-31.051123637528043,1.0,0.0,0.0,0.0,0.052974598199923895,1
2024-06-17,187.44000244140625,187.44000244140625,188.80999755859375,177.0,177.9199981689453,109786100,178.00999450683594,0.052974598199923895,5.2974598199923895,179.1739990234375,177.48499908447266,0.046133945008882016,0.05608926618184551,0.03484176234179408,33.82314580280894,3.0,0.003696600596110026,1.0,1.0,-0.013764414198944475,0
2024-06-18,184.86000061035156,184.86000061035156,187.1999969482422,182.3699951171875,186.55999755859375,68982300,187.44000244140625,-0.013764414198944475,-1.3764414198944475,182.01399841308594,178.4939987182617,0.015636172064120712,0.03566507522831652,0.033851930129067925,-37.16663584916488,2.0,-0.25680240988731384,0.0,1.0,-0.017797215597047833,0
2024-06-20,181.57000732421875,181.57000732421875,185.2100067138672,179.66000366210938,184.67999267578125,55893100,184.86000061035156,-0.017797215597047833,-1.7797215597047833,182.87000122070313,179.1509994506836,-0.007108841733507898,0.013502620029764545,0.034009002742440425,-18.974722501279317,3.0,-0.5248746474583944,0.0,2.0,0.00793075466503601,1
2024-06-21,183.00999450683594,183.00999450683594,183.9499969482422,180.69000244140625,182.3000030517578,61937300,181.57000732421875,0.00793075466503601,0.7930754665036011,182.97799987792968,179.65799865722656,0.00017485505868242157,0.018657648836469143,0.031496157600934424,10.813857166627017,1.0,0.0,0.0,0.0,-0.0023495584322592578,0
2024-06-24,182.5800018310547,182.5800018310547,188.8000030517578,182.5500030517578,184.97000122070312,61992100,183.00999450683594,-0.0023495584322592578,-0.23495584322592578,183.89200134277343,180.16799926757812,-0.007134619788454977,0.013387519278017512,0.028439358050016385,0.08847657227550876,3.0,0.0,0.0,0.0,0.026125557150967316,1
2024-06-25,187.35000610351562,187.35000610351562,187.97000122070312,182.00999450683594,184.39999389648438,62905700,182.5800018310547,0.026125557150967316,2.6125557150967316,183.8740020751953,181.5240005493164,0.018904271343910928,0.03209496009656543,0.017728210568954808,1.4737361696087081,1.0,0.0,0.0,0.0,0.04814512260377568,1
2024-06-26,196.3699951171875,196.3699951171875,197.75999450683594,186.36000061035156,186.5399932861328,95737100,187.35000610351562,0.04814512260377568,4.814512260377568,186.1760009765625,184.09499969482422,0.05475460901057971,0.06667750586768584,0.025570977538691583,52.19145482841778,3.0,0.2503974835077922,1.0,0.0,0.0053470646120412635,1
2024-06-27,197.4199981689453,197.4199981689453,198.72000122070312,194.0500030517578,195.1699981689453,72746500,196.3699951171875,0.0053470646120412635,0.5347064612041263,189.34599914550782,186.10800018310547,0.04264150845475645,0.06078190069588807,0.02028382400752183,-24.014305843816032,1.0,0.9067666530609131,1.0,0.0,0.002330091774560339,1
2024-06-28,197.8800048828125,197.8800048828125,203.1999969482422,195.25999450683594,199.5500030517578,95438100,197.4199981689453,0.002330091774560339,0.2330091774560339,192.32000122070312,187.6490005493164,0.02891016860866591,0.05452202944618012,0.021052679500483597,31.192703429030956,2.0,0.3856421411037445,1.0,0.0,0.060541719385108106,1
2024-07-01,209.86000061035156,209.86000061035156,213.22999572753906,200.85000610351562,201.02000427246094,135691400,197.8800048828125,0.060541719385108106,6.054171938510811,197.7760009765625,190.83400115966796,0.06109942345947772,0.09969921154021621,0.025686392768858334,42.17739037135064,3.0,-0.3242083589235942,0.0,1.0,0.10197271435359379,1
2024-07-02,231.25999450683594,231.25999450683594,231.3000030517578,218.05999755859375,218.88999938964844,205047900,209.86000061035156,0.10197271435359379,10.19727143535938,206.55799865722656,195.21600036621095,0.11958866763906428,0.18463647484329715,0.04147747428379809,51.11340880851698,2.0,0.0,0.0,0.0,0.06542422054051067,1
2024-07-03,246.38999938964844,246.38999938964844,248.35000610351562,234.25,234.55999755859375,166561500,231.25999450683594,0.06542422054051067,6.542422054051067,216.56199951171874,201.36900024414064,0.1377342282818903,0.2235746271319028,0.04264716072782468,-18.76946801210839,2.0,0.0,0.0,0.0,0.02082067005771515,1
2024-07-05,251.52000427246094,251.52000427246094,252.3699951171875,242.4600067138672,249.80999755859375,154501200,246.38999938964844,0.02082067005771515,2.082067005771515,227.3820007324219,208.36399993896484,0.10615617534496113,0.20711833304283656,0.03928680931549003,-7.2407489125638325,3.0,0.0,0.0,0.0,0.005645666924397386,1
2024-07-08,252.94000244140625,252.94000244140625,259.44000244140625,244.57000732421875,247.7100067138672,157219600,251.52000427246094,0.005645666924397386,0.5645666924397386,238.3940002441406,215.35700073242188,0.06101664547920249,0.17451488264215165,0.03829182952346583,1.7594685348722106,3.0,0.46018675963083905,2.0,0.0,0.03712336538398886,1
2024-07-09,262.3299865722656,262.3299865722656,265.6099853515625,250.3000030517578,251.0,160210900,252.94000244140625,0.03712336538398886,3.712336538398886,248.88799743652345,223.33199920654297,0.05400818550589381,0.17461889699763233,0.03824694726878225,1.9026253724090392,1.0,-0.8532731533050537,0.0,1.0,0.003545241645880992,1
2024-07-10,263.260009765625,263.260009765625,267.5899963378906,257.8599853515625,262.79998779296875,128519400,262.3299865722656,0.003545241645880992,0.3545241645880992,255.28800048828126,230.9229995727539,0.03122751269975854,0.14003373528275653,0.02560287612943461,-19.781113519741787,3.0,-0.9607207179069519,0.0,3.0,-0.08444127539962887,0
2024-07-11,241.02999877929688,241.02999877929688,271.0,239.64999389648438,263.29998779296875,221707300,263.260009765625,-0.08444127539962887,-8.444127539962887,254.21600036621095,235.38899993896484,-0.051869282688418394,0.02396458136019408,0.04724011542727868,72.50881968014167,1.0,0.0,0.0,0.0,0.029871787680814776,1
2024-07-12,248.22999572753906,248.22999572753906,251.83999633789062,233.08999633789062,235.8000030517578,155955800,241.02999877929688,0.029871787680814776,2.9871787680814776,253.55799865722656,240.46999969482422,-0.021012955449653092,0.03227012119001493,0.04855823702083414,-29.656894473028174,2.0,-0.47347623109817505,0.0,1.0,0.01776579679334911,1
2024-07-15,252.63999938964844,252.63999938964844,265.6000061035156,251.72999572753906,255.97000122070312,146912900,248.22999572753906,0.01776579679334911,1.776579679334911,253.497998046875,245.9459991455078,-0.003384636817005182,0.027217357742747028,0.04931024666975471,-5.7983736417626,3.0,0.16317383448282877,1.0,0.0,0.015516142251486675,1
2024-07-16,256.55999755859375,256.55999755859375,258.6199951171875,245.8000030517578,255.30999755859375,126332500,252.63999938964844,0.015516142251486675,1.5516142251486675,252.34400024414063,250.61599884033203,0.016707341210308924,0.023717554927722873,0.04617531197248811,-14.008572426247113,1.0,0.0,0.0,0.0,-0.031415644041518975,0
2024-07-17,248.5,248.5,258.4700012207031,246.17999267578125,252.72999572753906,115584800,256.55999755859375,-0.031415644041518975,-3.1415644041518975,249.39199829101562,252.33999938964843,-0.0035766917027335587,-0.015217561222701459,0.04746168002319512,-8.507470365899517,2.0,0.0,0.0,0.0,0.002937608561525362,1
2024-07-18,249.22999572753906,249.22999572753906,257.1400146484375,247.1999969482422,251.08999633789062,110869000,248.5,0.002937608561525362,0.2937608561525362,251.03199768066406,252.6239990234375,-0.0071783755448471265,-0.013434999481516274,0.023472267824232285,-4.079948228486796,2.0,-0.4829278290271759,0.0,1.0,-0.040243947162209914,0
2024-07-19,239.1999969482422,239.1999969482422,249.44000244140625,236.8300018310547,247.7899932861328,87403900,249.22999572753906,-0.040243947162209914,-4.024394716220991,249.2259979248047,251.39199829101562,-0.04022855183666474,-0.04849796901116865,0.027020003635423444,-21.16470789851086,1.0,0.0,0.0,0.0,0.05146320115237035,1
2024-07-22,251.50999450683594,251.50999450683594,253.2100067138672,243.75,244.2100067138672,101225400,239.1999969482422,0.05146320115237035,5.146320115237035,248.9999969482422,251.2489974975586,0.010080311603841041,0.0010387982116419892,0.03709363794073589,15.813367595725136,3.0,-0.29246677954991657,0.0,1.0,-0.020396762498772203,0
2024-07-23,246.3800048828125,246.3800048828125,255.75999450683594,245.6300048828125,253.60000610351562,111928200,251.50999450683594,-0.020396762498772203,-2.0396762498772203,246.96399841308593,249.65399932861328,-0.0023646909429146934,-0.0131141277712572,0.036728900447957874,10.57323557130918,3.0,0.27357832590738934,1.0,0.0,-0.12334604589403697,0
2024-07-24,215.99000549316406,215.99000549316406,225.99000549316406,214.7100067138672,225.4199981689453,167942900,246.3800048828125,-0.12334604589403697,-12.334604589403696,240.46199951171874,244.9269989013672,-0.10177073328944874,-0.11814538020717003,0.06432036494439823,50.04520755269897,0.0,0.0,0.0,0.0,0.01972310939623889,1
2024-07-25,220.25,220.25,226.0,216.22999572753906,216.8000030517578,100636500,215.99000549316406,0.01972310939623889,1.9723109396238891,234.66600036621094,242.8489990234375,-0.06143199416921863,-0.09305782240945726,0.06660053355585158,-40.07695472687443,3.0,-0.2560015320777893,0.0,1.0,-0.0020431189477511102,0
2024-07-26,219.8000030517578,219.8000030517578,222.27999877929688,215.3300018310547,221.19000244140625,94604100,220.25,-0.0020431189477511102,-0.20431189477511102,230.78600158691407,240.00599975585936,-0.04760253420751315,-0.08418954828069147,0.06625498253936075,-5.994246620262034,3.0,-0.25089454650878906,0.0,1.0,0.055959976710561854,1
2024-07-29,232.10000610351562,232.10000610351562,234.27000427246094,224.6999969482422,224.89999389648438,129201800,219.8000030517578,0.055959976710561854,5.595997671056185,226.90400390625,237.9520004272461,0.022899561522997436,-0.024593171367431887,0.06740194296356251,36.57103656184035,3.0,0.0,0.0,0.0,-0.04084450985365373,0
2024-07-30,222.6199951171875,222.6199951171875,232.41000366210938,220.0,232.25,100560300,232.10000610351562,-0.04084450985365373,-4.084450985365374,222.152001953125,234.55800018310546,0.002106634916399619,-0.05089574884079273,0.0684969590143725,-22.16803481066053,1.0,0.0,0.0,0.0,0.04244907202543402,1
2024-07-31,232.07000732421875,232.07000732421875,234.67999267578125,226.7899932861328,227.89999389648438,67497000,222.6199951171875,0.04244907202543402,4.244907202543402,225.36800231933594,232.91500091552734,0.02973805037055066,-0.003627905407496912,0.038283626509577715,-32.87907852303543,2.0,-0.6964285224676132,0.0,2.0,-0.06554059651757449,0
2024-08-01,216.86000061035156,216.86000061035156,231.8699951171875,214.3300018310547,227.69000244140625,83861900,232.07000732421875,-0.06554059651757449,-6.5540596517574485,224.69000244140625,229.6780014038086,-0.03484802058826164,-0.05580856988963889,0.052156936359141814,24.245373868468235,3.0,-0.04839167992273966,1.0,1.0,-0.042377581921705376,0
2024-08-02,207.6699981689453,207.6699981689453,216.1300048828125,205.77999877929688,214.8800048828125,82880100,216.86000061035156,-0.042377581921705376,-4.237758192170538,222.26400146484374,226.5250015258789,-0.06566067019272492,-0.08323586019170404,0.05519521748425461,-1.1707342666932186,0.0,0.0,0.0,0.0,-0.04232673647438423,0
2024-08-05,198.8800048828125,198.8800048828125,203.8800048828125,182.0,185.22000122070312,100308800,207.6699981689453,-0.04232673647438423,-4.232673647438423,215.62000122070313,221.26200256347656,-0.07763656545366582,-0.10115608383433583,0.041636488415636344,21.028811499986123,3.0,-0.28782008091608685,0.0,1.0,0.008849529684359148,1
2024-08-06,200.63999938964844,200.63999938964844,202.89999389648438,192.6699981689453,200.75,73783900,198.8800048828125,0.008849529684359148,0.8849529684359148,211.2240020751953,216.68800201416016,-0.05010795450120764,-0.07406041163028032,0.044173366336825184,-26.443243264798298,1.0,-0.9709094166755676,0.0,1.0,-0.044258397676563366,0
2024-08-07,191.75999450683594,191.75999450683594,203.49000549316406,191.47999572753906,200.77000427246094,71159800,200.63999938964844,-0.044258397676563366,-4.425839767656337,203.16199951171876,214.26500091552734,-0.056122724881062847,-0.10503351603169131,0.02750743709009271,-3.5564669257114323,2.0,0.0,0.0,0.0,0.036921162045623124,1
2024-08-08,198.83999633789062,198.83999633789062,200.6999969482422,192.0399932861328,195.6999969482422,65033900,191.75999450683594,0.036921162045623124,3.6921162045623124,199.55799865722656,212.1240005493164,-0.0035979631193296946,-0.06262376806502568,0.03742833697409909,-8.608652638146818,3.0,-0.5763672590255737,0.0,2.0,0.005833854775063374,1
2024-08-09,200.0,200.0,200.8800048828125,195.11000061035156,197.0500030517578,58648300,198.83999633789062,0.005833854775063374,0.5833854775063374,198.0239990234375,210.1440002441406,0.009978593434670557,-0.04827166244268477,0.03528863247218681,-9.81887907691219,0.0,0.0,0.0,0.0,-0.012549972534179665,0
2024-08-12,197.49000549316406,197.49000549316406,199.25999450683594,194.6699981689453,199.02000427246094,64044900,200.0,-0.012549972534179665,-1.2549972534179665,197.74599914550782,206.68300018310546,-0.0012945579351791858,-0.0444787170778298,0.0299433292372589,9.201630737804845,3.0,-0.3103790879249573,0.0,1.0,0.05235706137163754,1
2024-08-13,207.8300018310547,207.8300018310547,208.49000549316406,197.05999755859375,198.47000122070312,76247400,197.49000549316406,0.05235706137163754,5.235706137163754,199.18399963378906,205.2040008544922,0.0434071120831081,0.012797026206251116,0.03860485950721409,19.05303935207956,1.0,-0.6978996396064758,0.0,1.0,-0.0310349655555765,0
2024-08-14,201.3800048828125,201.3800048828125,208.44000244140625,198.75,207.38999938964844,70250000,207.8300018310547,-0.0310349655555765,-3.10349655555765,201.10800170898438,202.13500061035157,0.00135252288082377,-0.0037351063658412897,0.03438069810236427,-7.865710830795547,3.0,0.0,0.0,0.0,0.06336276788880446,1
2024-08-15,214.13999938964844,214.13999938964844,215.8800048828125,204.82000732421875,205.02000427246094,89848500,201.3800048828125,0.06336276788880446,6.336276788880446,204.16800231933593,201.86300048828124,0.04884211510634007,0.060818470307439476,0.040911434588371445,27.89822064056939,2.0,0.0,0.0,0.0,0.009246267550119258,1
2024-08-16,216.1199951171875,216.1199951171875,219.8000030517578,210.8000030517578,211.14999389648438,88765100,214.13999938964844,0.009246267550119258,0.9246267550119258,207.39200134277343,202.70800018310547,0.042084524561719405,0.06616411252623,0.04073600370774182,-1.205807553826721,1.0,0.0,0.0,0.0,0.030538618603692225,1
2024-08-19,222.72000122070312,222.72000122070312,222.97999572753906,214.08999633789062,217.07000732421875,76435200,216.1199951171875,0.030538618603692225,3.0538618603692225,212.43800048828126,205.09199981689454,0.04840000710225589,0.08595167739135023,0.037546065975324186,-13.890481732122195,3.0,-0.53417040904363,0.0,2.0,-0.007273684933137958,0
2024-08-20,221.10000610351562,221.10000610351562,228.22000122070312,219.55999755859375,224.8800048828125,74001200,222.72000122070312,-0.007273684933137958,-0.7273684933137958,215.09200134277344,207.13800048828125,0.027932255607997947,0.06740436608600109,0.03608392075263745,-3.1843967177426102,1.0,0.0,0.0,0.0,0.009814554993405888,1
2024-08-21,223.27000427246094,223.27000427246094,224.66000366210938,218.86000061035156,222.6699981689453,70146000,221.10000610351562,0.009814554993405888,0.9814554993405888,219.47000122070312,210.28900146484375,0.01731445313993718,0.061729347313427496,0.027148481546748815,-5.209645248995964,2.0,-0.19509941339492798,1.0,1.0,-0.056478704568676985,0
2024-08-22,210.66000366210938,210.66000366210938,224.8000030517578,210.32000732421875,223.82000732421875,79514500,223.27000427246094,-0.056478704568676985,-5.6478704568676985,218.7740020751953,211.47100219726562,-0.03708849468456066,-0.0038350342445520047,0.03285238025008849,13.355715222535846,3.0,-0.5164646506309509,0.0,2.0,0.04585589810206048,1
2024-08-23,220.32000732421875,220.32000732421875,221.47999572753906,214.2100067138672,214.4600067138672,81525200,210.66000366210938,0.04585589810206048,4.585589810206048,219.61400451660157,213.5030029296875,0.003214744019495397,0.03192931387843889,0.039602986484250355,2.528721176640736,3.0,-0.2829713026682536,0.0,1.0,-0.0322712435275504,0
2024-08-26,213.2100067138672,213.2100067138672,219.08999633789062,211.00999450683594,218.75,59301200,220.32000732421875,-0.0322712435275504,-3.2271243527550397,217.71200561523438,215.07500305175782,-0.02067868920983451,-0.008671376549704513,0.03923517801471826,-27.260282710131346,3.0,0.17160662015279135,1.0,0.0,-0.018760845523390857,0
2024-08-27,209.2100067138672,209.2100067138672,215.66000366210938,206.94000244140625,213.25,62821400,213.2100067138672,-0.018760845523390857,-1.8760845523390857,215.3340057373047,215.21300354003907,-0.02843953514201769,-0.027893281202476472,0.03951218562879059,5.936136199604736,3.0,-0.060235450665156044,1.0,1.0,-0.01653843794670573,0
2024-08-28,205.75,205.75,211.83999633789062,202.58999633789062,209.72000122070312,64116400,209.2100067138672,-0.01653843794670573,-1.653843794670573,211.8300048828125,215.6500030517578,-0.0287022836362395,-0.04590773434573858,0.03787047132706356,2.061399459419877,2.0,-0.7786353826522827,0.0,2.0,0.002575935743848623,1
2024-08-29,206.27999877929688,206.27999877929688,214.88999938964844,205.97000122070312,209.8000030517578,62308800,205.75,0.002575935743848623,0.2575935743848623,210.95400390625,214.86400299072267,-0.022156512985789467,-0.0399508716767063,0.030426400271292946,-2.81924749362098,1.0,-0.9595029354095459,0.0,1.0,0.03795812428442069,1
2024-08-30,214.11000061035156,214.11000061035156,214.57000732421875,207.02999877929688,208.6300048828125,63370600,206.27999877929688,0.03795812428442069,3.795812428442069,209.71200256347657,214.66300354003906,0.0209716086495515,-0.002576144564120697,0.02724051646075539,1.7040931618005795,2.0,-0.2940196096897125,0.0,1.0,-0.016393416920415627,0
2024-09-03,210.60000610351562,210.60000610351562,219.89999389648438,209.63999938964844,215.25999450683594,76714200,214.11000061035156,-0.016393416920415627,-1.6393416920415627,209.19000244140625,213.4510040283203,0.006740301379863034,-0.013356685473479568,0.02406649624476589,21.056452045585814,3.0,0.0,0.0,0.0,0.04183284569452206,1
2024-09-04,219.41000366210938,219.41000366210938,222.22000122070312,210.57000732421875,210.58999633789062,80651800,210.60000610351562,0.04183284569452206,4.183284569452206,211.2300018310547,213.2820037841797,0.038725568149155176,0.02873191253459262,0.02850851109963795,5.132817653055111,2.0,0.3428182005882263,1.0,0.0,0.04904058305110959,1
2024-09-05,230.1699981689453,230.1699981689453,235.0,222.25,223.49000549316406,119355000,219.41000366210938,0.04904058305110959,4.904058305110959,216.11400146484374,213.9720031738281,0.06503973184906364,0.07570146914013876,0.028396818406756685,47.988017626389,1.0,0.0,0.0,0.0,-0.0844593239607937,0
2024-09-06,210.72999572753906,210.72999572753906,233.60000610351562,210.50999450683594,232.60000610351562,112177000,230.1699981689453,-0.0844593239607937,-8.44593239607937,217.00400085449218,213.9790023803711,-0.028911932970120846,-0.015183763905285308,0.056659826377414034,-6.01399187298396,2.0,0.0,0.0,0.0,0.026289605928169646,1
2024-09-09,216.27000427246094,216.27000427246094,219.8699951171875,213.6699981689453,216.1999969482422,67443500,210.72999572753906,0.026289605928169646,2.6289605928169646,217.43600158691407,213.57400207519532,-0.00536248508040682,0.012623269550927851,0.055215544754791776,-39.87760414345186,3.0,-0.5512648423512777,0.0,2.0,0.04577608406578748,1
2024-09-10,226.1699981689453,226.1699981689453,226.39999389648438,218.63999938964844,220.07000732421875,78891100,216.27000427246094,0.04577608406578748,4.577608406578748,220.55,214.87000122070313,0.02548174186780905,0.05258992360052828,0.056663746750812594,16.97361495177445,3.0,0.0,0.0,0.0,0.008666077418469476,1
2024-09-11,228.1300048828125,228.1300048828125,228.47000122070312,216.8000030517578,224.5500030517578,83548600,226.1699981689453,0.008666077418469476,0.8666077418469476,222.29400024414062,216.76200103759766,0.026253540951453047,0.052444634164652504,0.05474805080050527,5.903707769317457,1.0,0.6929696202278137,1.0,0.0,0.007364189890953776,1
2024-09-12,229.80999755859375,229.80999755859375,231.4499969482422,223.8300018310547,224.66000366210938,71894900,228.1300048828125,0.007364189890953776,0.7364189890953776,222.2220001220703,219.16800079345703,0.03414602259162103,0.048556343656963374,0.05011650882276726,-13.948408471237094,3.0,-0.5839046637217203,0.0,2.0,0.0020886633855721204,1
2024-09-13,230.2899932861328,230.2899932861328,232.6699981689453,226.32000732421875,228.0,59515100,229.80999755859375,0.0020886633855721204,0.20886633855721204,226.13399963378907,221.56900024414062,0.018378455513430758,0.039360167859144424,0.017983567470093366,-17.21930206454143,1.0,0.0,0.0,0.0,-0.015241628421408637,0
2024-09-16,226.77999877929688,226.77999877929688,229.9600067138672,223.52999877929688,229.3000030517578,54323000,230.2899932861328,-0.015241628421408637,-1.5241628421408637,228.23599853515626,222.83600006103515,-0.006379360684572788,0.017699109287464543,0.022293616878984703,-8.724004496337901,3.0,-0.5504785180091858,0.0,2.0,0.004806404196833203,1
2024-09-17,227.8699951171875,227.8699951171875,234.57000732421875,226.5500030517578,229.4499969482422,66761600,226.77999877929688,0.004806404196833203,0.4806404196833203,228.57599792480468,224.56299896240233,-0.003088700537356659,0.014726362624587264,0.00971204914688535,22.89748357049499,1.0,0.0,0.0,0.0,-0.0029402649901351108,0
2024-09-18,227.1999969482422,227.1999969482422,235.67999267578125,226.8800048828125,230.08999633789062,78010200,227.8699951171875,-0.0029402649901351108,-0.2940264990135111,228.38999633789064,225.3419982910156,-0.005210383154820475,0.008245239109076596,0.008938264784053173,16.84890715620955,3.0,-0.3165434002876282,0.0,1.0,0.07359155565707187,1
2024-09-19,243.9199981689453,243.9199981689453,244.24000549316406,232.1300048828125,234.0,102694600,227.1999969482422,0.07359155565707187,7.359155565707187,231.21199645996094,226.7169982910156,0.054962553429553695,0.07587873872539452,0.03502769484076712,31.642528797516214,3.0,-0.515088677406311,0.0,2.0,-0.02324531900421767,0
2024-09-20,238.25,238.25,243.99000549316406,235.9199981689453,241.52000427246094,99879100,243.9199981689453,-0.02324531900421767,-2.324531900421767,232.8039978027344,229.46899871826173,0.023393078506668274,0.03826661261776554,0.03855758227268854,-2.7416241944561826,2.0,0.012791663408279419,1.0,1.0,0.04931794333683115,1
2024-09-23,250.0,250.0,250.0,241.9199981689453,242.61000061035156,86927200,238.25,0.04931794333683115,4.931794333683115,237.447998046875,232.8419982910156,0.052862108993848356,0.07368946253218289,0.03986974727441308,-12.967577801562092,3.0,0.0,0.0,0.0,0.017080017089843746,1
2024-09-24,254.27000427246094,254.27000427246094,257.19000244140625,249.0500030517578,254.0800018310547,88491000,250.0,0.017080017089843746,1.7080017089843746,242.72799987792968,235.6519989013672,0.047551186514682486,0.07900635453080262,0.03904621173945917,1.7989766149145492,2.0,-0.4091440737247467,0.0,1.0,0.010815214909361437,1
2024-09-25,257.0199890136719,257.0199890136719,257.04998779296875,252.27999877929688,252.5399932861328,65034300,254.27000427246094,0.010815214909361437,1.0815214909361437,248.69199829101564,238.54099731445314,0.033487167982425126,0.07746673279335337,0.03722477869156966,-26.50744143472218,1.0,0.6803165078163147,1.0,0.0,-0.01089404681602335,0
2024-09-26,254.22000122070312,254.22000122070312,261.75,251.52999877929688,260.6000061035156,67142200,257.0199890136719,-0.01089404681602335,-1.089404681602335,250.7519989013672,240.98199768066405,0.013830407472444683,0.05493357872143356,0.0279683298156006,3.2412127139063607,2.0,-0.476640522480011,0.0,1.0,0.024545630573566513,1
2024-09-27,260.4599914550781,260.4599914550781,260.70001220703125,254.1199951171875,257.3800048828125,70988100,254.22000122070312,0.024545630573566513,2.4545630573566513,255.19399719238282,243.9989974975586,0.020635259138660045,0.06746336717094192,0.021856593625018347,5.727992231413337,1.0,0.0,0.0,0.0,0.004492104223754234,1
2024-09-30,261.6300048828125,261.6300048828125,264.8599853515625,255.77000427246094,259.0400085449219,80705700,260.4599914550781,0.004492104223754234,0.4492104223754234,257.51999816894534,247.48399810791017,0.015959951627410263,0.05715927851114744,0.013473368763709177,13.689054926107325,3.0,-0.44646074374516803,0.0,2.0,-0.013798172234708361,0
2024-10-01,258.0199890136719,258.0199890136719,263.9800109863281,248.52999877929688,262.6700134277344,87397600,261.6300048828125,-0.013798172234708361,-1.3798172234708361,258.2699951171875,250.4989974975586,-0.0009680028971316146,0.03002403838437151,0.01583300442422937,8.291731562950332,3.0,0.21223936478296915,1.0,0.0,-0.03488095932262847,0
2024-10-02,249.02000427246094,249.02000427246094,251.16000366210938,241.5,247.5500030517578,93983900,258.0199890136719,-0.03488095932262847,-3.488095932262847,256.6699981689453,252.68099822998047,-0.029804784162771547,-0.01448860018428233,0.022146870287069978,7.536019295724361,1.0,0.8706468939781189,1.0,0.0,-0.03357160254966751,0
2024-10-03,240.66000366210938,240.66000366210938,249.7899932861328,237.80999755859375,244.47999572753906,80729200,249.02000427246094,-0.03357160254966751,-3.357160254966751,253.95799865722657,252.35499877929686,-0.05236296972502852,-0.04634342562564264,0.025448308880665165,-14.103160222123146,2.0,0.26890507340431213,1.0,0.0,0.03914235030998814,1
2024-10-04,250.0800018310547,250.0800018310547,250.9600067138672,244.5800018310547,246.69000244140625,86573200,240.66000366210938,0.03914235030998814,3.914235030998814,251.8820007324219,253.53799896240236,-0.007154139224427869,-0.013638969880252372,0.030774106634349284,7.23901636582549,1.0,0.0,0.0,0.0,-0.03698816351676526,0
2024-10-07,240.8300018310547,240.8300018310547,249.8300018310547,240.6999969482422,249.0,68113300,250.0800018310547,-0.03698816351676526,-3.698816351676526,247.7220001220703,252.62099914550782,-0.027821502682924604,-0.04667465236198198,0.03221521312925539,-21.32288052191671,3.0,-0.17412632703781128,0.0,1.0,0.015238957526229946,1
2024-10-08,244.5,244.5,246.2100067138672,240.55999755859375,243.55999755859375,56303200,240.8300018310547,0.015238957526229946,1.5238957526229946,245.01800231933595,251.6439987182617,-0.00211413983638975,-0.028389306936185132,0.035195151127220665,-17.338904443038295,1.0,0.0,0.0,0.0,-0.014110416966225725,0
2024-10-09,241.0500030517578,241.0500030517578,247.42999267578125,239.50999450683594,243.82000732421875,66289500,244.5,-0.014110416966225725,-1.4110416966225725,243.42400207519532,250.0470001220703,-0.009752526469038014,-0.0359812237936078,0.03269230347956345,17.736647295357997,2.0,0.0,0.0,0.0,-0.009458613360014412,0
2024-10-10,238.77000427246094,238.77000427246094,242.7899932861328,232.33999633789062,241.80999755859375,83087100,241.0500030517578,-0.009458613360014412,-0.9458613360014412,243.04600219726564,248.5020004272461,-0.01759336868801542,-0.03916264713383821,0.029212217369964617,25.339759690448705,3.0,-0.32367555300394696,0.0,1.0,-0.08782510719719305,0
2024-10-11,217.8000030517578,217.8000030517578,223.33999633789062,214.3800048828125,220.1300048828125,142628900,238.77000427246094,-0.08782510719719305,-8.782510719719305,236.59000244140626,244.23600158691406,-0.07942009043388032,-0.10823956486099251,0.038912526165320184,71.66190660162648,1.0,-0.9729111194610596,0.0,1.0,0.00624426350457119,1
2024-10-14,219.16000366210938,219.16000366210938,221.91000366210938,213.74000549316406,220.1300048828125,86291900,217.8000030517578,0.00624426350457119,0.624426350457119,232.2560028076172,239.98900146484374,-0.05638605240423222,-0.08679146825728856,0.04079289386690156,-39.49900756438562,3.0,-0.5630249381065369,0.0,2.0,0.0018707960177875016,1
2024-10-15,219.57000732421875,219.57000732421875,224.25999450683594,217.1199951171875,220.00999450683594,62988800,219.16000366210938,0.0018707960177875016,0.18707960177875016,227.27000427246094,236.14400329589844,-0.033880392500063916,-0.07018597017224182,0.0384415003666536,-27.004968021332243,2.0,0.0,0.0,0.0,0.008015641700267029,1
2024-10-16,221.3300018310547,221.3300018310547,222.82000732421875,218.92999267578125,221.39999389648438,49632800,219.57000732421875,0.008015641700267029,0.8015641700267029,223.3260040283203,233.3750030517578,-0.008937616584105967,-0.051612216660718246,0.04059647006757678,-21.203769559032715,1.0,0.0,0.0,0.0,-0.001987992760882462,0
2024-10-17,220.88999938964844,220.88999938964844,222.0800018310547,217.89999389648438,221.58999633789062,50791800,221.3300018310547,-0.001987992760882462,-0.1987992760882462,219.7500030517578,231.39800262451172,0.005187696573647482,-0.04541095046492061,0.04104303719589823,2.3351493367289367,2.0,-0.2447180598974228,0.0,1.0,-0.0008601676940163117,0
2024-10-18,220.6999969482422,220.6999969482422,222.27999877929688,219.22999572753906,220.7100067138672,49611900,220.88999938964844,-0.0008601676940163117,-0.08601676940163117,220.3300018310547,228.46000213623046,0.001679277057652806,-0.033966581088277215,0.00436314227798103,-2.323012769777799,2.0,0.0,0.0,0.0,-0.008382378207102636,0
2024-10-21,218.85000610351562,218.85000610351562,220.47999572753906,215.72999572753906,218.89999389648438,47329000,220.6999969482422,-0.008382378207102636,-0.8382378207102636,220.26800231933595,226.26200256347656,-0.006437595115447392,-0.032758467511050715,0.005965428237431349,-4.601516974758068,3.0,-0.5482357939084371,0.0,2.0,-0.004021041161846095,0
2024-10-22,217.97000122070312,217.97000122070312,218.22000122070312,215.25999450683594,217.30999755859375,43268700,218.85000610351562,-0.004021041161846095,-0.4021041161846095,219.9480010986328,223.60900268554687,-0.008993034117380616,-0.025218132530977155,0.006018799545439082,-8.578883982336416,2.0,0.0,0.0,0.0,-0.019819274670942355,0
2024-10-23,213.64999389648438,213.64999389648438,218.72000122070312,212.11000061035156,217.1300048828125,80938900,217.97000122070312,-0.019819274670942355,-1.9819274670942355,218.41199951171876,220.86900177001954,-0.02180285710437302,-0.03268456784647389,0.007712582602387811,87.06108572709603,3.0,0.5589567422866821,2.0,0.0,0.21919035070290427,1
2024-10-24,260.4800109863281,260.4800109863281,262.1199951171875,242.64999389648438,244.67999267578125,204491900,213.64999389648438,0.21919035070290427,21.919035070290427,226.3300018310547,223.04000244140624,0.15088591383817018,0.1678623033316975,0.10197694215430436,152.64971478485623,1.0,0.6785810589790344,1.0,0.0,0.03343823359841336,1
2024-10-25,269.19000244140625,269.19000244140625,269.489990234375,255.32000732421875,256.010009765625,161611900,260.4800109863281,0.03343823359841336,3.343823359841336,236.0280029296875,228.1790023803711,0.14050027581514413,0.17973170025816154,0.09990747056648497,-20.96904571770324,2.0,0.44912296533584595,1.0,0.0,-0.024815158866218545,0
2024-10-28,262.510009765625,262.510009765625,273.5400085449219,262.239990234375,270.0,107653600,269.19000244140625,-0.024815158866218545,-2.4815158866218545,244.76000366210937,232.51400299072264,0.07252004346273622,0.12900731306105118,0.1023062607435881,-33.387578513710935,3.0,-0.3944934606552124,1.0,2.0,-0.01139012091242797,0
2024-10-29,259.5199890136719,259.5199890136719,264.9800109863281,255.50999450683594,264.510009765625,80521800,262.510009765625,-0.01139012091242797,-1.139012091242797,253.07000122070312,236.50900115966797,0.025486971043018558,0.09729434288409644,0.10316276824646327,-25.202872918323216,3.0,-0.2118192513783773,0.0,1.0,-0.007590942139718337,0
2024-10-30,257.54998779296875,257.54998779296875,263.3500061035156,255.82000732421875,258.0400085449219,53993600,259.5199890136719,-0.007590942139718337,-0.7590942139718337,261.85,240.13099975585936,-0.016421662047092833,0.072539522405767,0.10154245855586613,-32.945363864195784,1.0,0.0,0.0,0.0,-0.029897037679701755,0
2024-10-31,249.85000610351562,249.85000610351562,259.75,249.25,257.989990234375,66575300,257.54998779296875,-0.029897037679701755,-2.9897037679701755,259.7239990234375,243.0270004272461,-0.03801725276465828,0.028075093155388364,0.024954980820874835,23.3022061874,3.0,0.0,0.0,0.0,-0.003482130697311625,0
2024-11-01,248.97999572753906,248.97999572753906,254.0,246.6300048828125,252.0399932861328,57544800,249.85000610351562,-0.003482130697311625,-0.3482130697311625,255.68199768066407,245.8550003051758,-0.026212255903505288,0.012710725502772968,0.011378700379324763,-13.56433992787115,1.0,0.0,0.0,0.0,-0.024660613282231236,0
2024-11-04,242.83999633789062,242.83999633789062,248.89999389648438,238.8800048828125,244.55999755859375,68802400,248.97999572753906,-0.024660613282231236,-2.4660613282231236,251.74799499511718,248.25399932861328,-0.035384586309810895,-0.02180832133768018,0.011347016090446752,19.563192503927375,3.0,0.2968151768048604,1.0,0.0,0.03541429020427711,1
2024-11-05,251.44000244140625,251.44000244140625,255.27999877929688,246.2100067138672,247.33999633789062,69282500,242.83999633789062,0.03541429020427711,3.541429020427711,250.13199768066406,251.6009994506836,0.005229258043235596,-0.000639890181791225,0.025706476446001342,0.6977954257409547,2.0,0.47236505150794983,1.0,0.0,0.14751032444224466,1
2024-11-06,288.5299987792969,288.5299987792969,289.5899963378906,275.6199951171875,284.6700134277344,165228700,251.44000244140625,0.14751032444224466,14.751032444224466,256.3279998779297,259.08899993896483,0.12562809726874402,0.11363276266945976,0.07315792405704834,138.48547613033594,1.0,0.8788924217224121,1.0,0.0,0.02904379065700735,1
2024-11-07,296.9100036621094,296.9100036621094,299.75,285.5199890136719,288.8900146484375,117309200,288.5299987792969,0.02904379065700735,2.904379065700735,265.73999938964846,262.731999206543,0.11729511682114913,0.13008695004333237,0.06655619030726184,-29.00192278944276,3.0,0.20263737440109253,1.0,0.0,0.08187665372925301,1
2024-11-08,321.2200012207031,321.2200012207031,328.7099914550781,297.6600036621094,299.1400146484375,204782800,296.9100036621094,0.08187665372925301,8.187665372925302,280.18800048828126,267.9349990844727,0.1464445324600474,0.198872869607569,0.06456951418821151,74.56670065092933,0.0,0.0,0.0,0.0,0.08959591143118995,1
2024-11-11,350.0,350.0,358.6400146484375,336.0,346.29998779296875,210521600,321.2200012207031,0.08959591143118995,8.959591143118995,301.6200012207031,276.68399810791016,0.1604004992490402,0.2649809977933588,0.04791353605316607,2.802383793951435,3.0,0.5275621215502421,2.0,0.0,-0.06145717075892854,0
2024-11-12,328.489990234375,328.489990234375,345.8399963378906,323.30999755859375,342.739990234375,155726000,350.0,-0.06145717075892854,-6.145717075892854,317.0299987792969,283.5809982299805,0.036147971798265344,0.15836389703365783,0.07855987914715132,-26.02849303824406,3.0,-0.18557602167129517,0.0,1.0,0.005327407385385952,1
2024-11-13,330.239990234375,330.239990234375,344.6000061035156,322.5,335.8500061035156,125405600,328.489990234375,0.005327407385385952,0.5327407385385952,325.3719970703125,290.8499984741211,0.014961315687565202,0.13543060672822627,0.06166567732224104,-19.470351771701576,2.0,0.370818167924881,1.0,0.0,-0.05771559508909463,0
2024-11-14,311.17999267578125,311.17999267578125,329.9800109863281,310.3699951171875,327.69000244140625,120726100,330.239990234375,-0.05771559508909463,-5.771559508909463,328.2259948730469,296.98299713134764,-0.05193373609503049,0.04780406852098218,0.07280709066491663,-3.731492054581298,1.0,-0.7872684001922607,0.0,1.0,0.030657525449785616,1
2024-11-15,320.7200012207031,320.7200012207031,324.67999267578125,309.2200012207031,310.57000732421875,114440300,311.17999267578125,0.030657525449785616,3.0657525449785616,328.12599487304686,304.15699768066406,-0.02257057888756775,0.0544554413225391,0.06343412634717416,-5.20666202254525,2.0,0.0,0.0,0.0,0.056186046847983784,1
2024-11-18,338.739990234375,338.739990234375,348.54998779296875,330.010009765625,340.7300109863281,126085600,320.7200012207031,0.056186046847983784,5.618604684798378,325.8739929199219,313.7469970703125,0.039481510013027465,0.07965970478583229,0.05264834152069674,10.175873359297372,3.0,-0.2840000589688619,0.0,1.0,0.021432396454288627,1
2024-11-19,346.0,346.0,347.3800048828125,332.75,335.760009765625,88852500,338.739990234375,0.021432396454288627,2.1432396454288627,329.37599487304686,323.2029968261719,0.0504712103666225,0.07053462807490307,0.04269334174294157,-29.530017702259414,2.0,-0.6292974352836609,0.0,2.0,-0.011473991967350106,0
2024-11-20,342.0299987792969,342.0299987792969,346.6000061035156,334.29998779296875,345.0,66340700,346.0,-0.011473991967350106,-1.1473991967350106,331.73399658203124,328.55299682617186,0.031036922062100514,0.0410192635079063,0.04391268810442476,-25.336146985172057,1.0,0.0,0.0,0.0,-0.006987644766217049,0
2024-11-21,339.6400146484375,339.6400146484375,347.989990234375,335.2799987792969,343.80999755859375,58011700,342.0299987792969,-0.006987644766217049,-0.6987644766217049,337.4260009765625,332.8259979248047,0.006561479155332783,0.02047321052477491,0.02794306787354407,-12.554887120576053,2.0,-0.3459545969963074,0.0,1.0,0.038040225983177356,1
2024-11-22,352.55999755859375,352.55999755859375,361.5299987792969,337.70001220703125,341.0899963378906,89140700,339.6400146484375,0.038040225983177356,3.8040225983177356,343.79400024414065,335.9599975585937,0.025497819357603868,0.04941064448336552,0.028958182413163076,53.65986516513048,1.0,0.0,0.0,0.0,-0.039624464821427674,0
2024-11-25,338.5899963378906,338.5899963378906,361.92999267578125,338.20001220703125,360.1400146484375,95890900,352.55999755859375,-0.039624464821427674,-3.9624464821427674,343.7640014648438,334.8189971923828,-0.015051038226532532,0.011262799235197019,0.030234912791438955,7.572522988937713,3.0,0.0,0.0,0.0,-0.001063189566898104,0
2024-11-26,338.2300109863281,338.2300109863281,346.9599914550781,335.6600036621094,341.0,62295900,338.5899963378906,-0.001063189566898104,-0.1063189566898104,342.2100036621094,335.7929992675781,-0.011630263970047516,0.007257482210961896,0.02788211129976723,-35.034607037789826,2.0,0.0,0.0,0.0,-0.015788061864523528,0
2024-11-27,332.8900146484375,332.8900146484375,342.54998779296875,326.5899963378906,341.79998779296875,57896400,338.2300109863281,-0.015788061864523528,-1.5788061864523528,340.3820068359375,336.05800170898436,-0.022010541206753942,-0.009426905606878644,0.028227248781528175,-7.062262524500007,2.0,0.0,0.0,0.0,0.03685898787510977,1
2024-11-29,345.1600036621094,345.1600036621094,345.45001220703125,334.6499938964844,336.0799865722656,37167600,332.8900146484375,0.03685898787510977,3.685898787510977,341.4860046386719,339.4560028076172,0.01075885680095423,0.016803358336028085,0.03375740736898674,-35.80326237900802,3.0,0.03598592678705851,1.0,1.0,0.034563659025395044,1
2024-12-02,357.0899963378906,357.0899963378906,360.0,351.1499938964844,352.3800048828125,77986500,345.1600036621094,0.034563659025395044,3.4563659025395044,342.3920043945312,343.09300231933594,0.042927380764485434,0.040796501018481646,0.03289772350452916,109.82387886223486,3.0,-0.30523568391799927,0.0,1.0,-0.01587830229999254,0
2024-12-03,351.4200134277344,351.4200134277344,355.69000244140625,348.20001220703125,351.79998779296875,58267200,357.0899963378906,-0.01587830229999254,-1.5878302299992542,344.9580078125,344.3610046386719,0.018732731140848724,0.020498862223001346,0.026250305588821105,-25.28553018791714,2.0,-0.6285979747772217,0.0,2.0,0.018524782309774723,1
2024-12-04,357.92999267578125,357.92999267578125,358.1000061035156,348.6000061035156,353.0,50810900,351.4200134277344,0.018524782309774723,1.8524782309774723,348.89800415039065,345.55400390625,0.025887188857341314,0.035814919316891736,0.026069359144501595,-12.796736414311994,3.0,-0.2001033822695414,0.0,1.0,0.03229681165351517,1
2024-12-05,369.489990234375,369.489990234375,375.42999267578125,359.5,359.8699951171875,81403600,357.92999267578125,0.03229681165351517,3.2296811653515167,356.21799926757814,348.3000030517578,0.03725805825108641,0.060838320404689616,0.021959400160447482,60.20893154815208,1.0,0.0,0.0,0.0,0.053397958017247005,1
2024-12-06,389.2200012207031,389.2200012207031,389.489990234375,370.79998779296875,377.4200134277344,81455800,369.489990234375,0.053397958017247005,5.3397958017247005,365.0299987792969,353.25800170898435,0.0662685327844299,0.10180094813915752,0.025803280873609256,0.0641249281358558,2.0,-0.47729089856147766,0.0,1.0,0.0014644862094215227,1
2024-12-09,389.7900085449219,389.7900085449219,404.79998779296875,378.010009765625,397.6099853515625,96359200,389.2200012207031,0.0014644862094215227,0.14644862094215227,371.57000122070315,356.9810028076172,0.04903519461840644,0.09190686753430954,0.02682743319374166,18.29630302569001,3.0,0.30002933740615845,1.0,0.0,0.02873337295448497,1
2024-12-10,400.989990234375,400.989990234375,409.7300109863281,390.8500061035156,392.67999267578125,97563600,389.7900085449219,0.02873337295448497,2.873337295448497,381.48399658203124,363.22100219726565,0.051131879258660806,0.10398349161703213,0.019050832530778435,1.249906599473638,3.0,0.31561774015426636,1.0,0.0,0.05930322291934931,1
2024-12-11,424.7699890136719,424.7699890136719,424.8800048828125,402.3800048828125,409.70001220703125,104287600,400.989990234375,0.05930322291934931,5.930322291934931,394.85199584960935,371.875,0.07577014546852556,0.14223862591911773,0.022914691569232707,6.891914607497052,1.0,0.9020945429801941,1.0,0.0,-0.015702575706076027,0
2024-12-12,418.1000061035156,418.1000061035156,429.29998779296875,415.0,424.8399963378906,87752200,424.7699890136719,-0.015702575706076027,-1.5702575706076027,404.5739990234375,380.3959991455078,0.03343271468934539,0.09911778000479288,0.032429725496638515,-15.855576310126995,2.0,0.46354740858078003,1.0,0.0,0.04336284290396253,1
2024-12-13,436.2300109863281,436.2300109863281,436.29998779296875,415.7099914550781,420.0,89000200,418.1000061035156,0.04336284290396253,4.336284290396253,413.9760009765625,389.5029998779297,0.053756763573900024,0.11996572843609088,0.03052119904781075,1.4221865662627176,2.0,0.0,0.0,0.0,0.06141250567967771,1
2024-12-16,463.0199890136719,463.0199890136719,463.19000244140625,436.1499938964844,441.0899963378906,114083800,436.2300109863281,0.06141250567967771,6.141250567967771,428.6219970703125,400.0959991455078,0.08025251195336258,0.15727222967125876,0.03149339673818543,28.183756890433955,3.0,-0.24571587642033896,0.0,1.0,0.036369912179738284,1
2024-12-17,479.8599853515625,479.8599853515625,483.989990234375,457.510009765625,475.8999938964844,131223000,463.0199890136719,0.036369912179738284,3.6369912179738284,444.39599609375,412.93999633789065,0.07980267502304628,0.16205741659113637,0.03127233417949327,15.023342490344827,2.0,-0.3146280348300934,0.0,1.0,-0.0827949436951747,0
2024-12-18,440.1300048828125,440.1300048828125,488.5400085449219,427.010009765625,466.5,149340800,479.8599853515625,-0.0827949436951747,-8.27949436951747,447.46799926757814,421.1599975585938,-0.016398925502553396,0.04504228187431192,0.05855000027149024,13.806878367359388,1.0,0.0,0.0,0.0,-0.008997322180141931,0
2024-12-19,436.1700134277344,436.1700134277344,456.3599853515625,420.0199890136719,451.8800048828125,118566100,440.1300048828125,-0.008997322180141931,-0.8997322180141931,451.0820007324219,427.8279998779297,-0.03305826275593993,0.01949852172411548,0.05792972768265925,-20.60702768433007,2.0,0.0,0.0,0.0,-0.034642491239586515,0
2024-12-20,421.05999755859375,421.05999755859375,447.0799865722656,417.6400146484375,425.510009765625,132216200,436.1700134277344,-0.034642491239586515,-3.4642491239586515,448.047998046875,431.0119995117187,-0.06023461907190075,-0.023089848923926293,0.05715359079716958,11.512649905833117,1.0,0.0,0.0,0.0,0.022657123925894362,1
2024-12-23,430.6000061035156,430.6000061035156,434.510009765625,415.4100036621094,431.0,72698100,421.05999755859375,0.022657123925894362,2.2657123925894362,441.5640014648437,435.09299926757814,-0.024829912141742017,-0.010326512197681548,0.04760097770373969,-45.015739372331076,3.0,-0.01459584633509318,1.0,1.0,0.07357174228224572,1
2024-12-24,462.2799987792969,462.2799987792969,462.7799987792969,435.1400146484375,435.8999938964844,59551800,430.6000061035156,0.07357174228224572,7.357174228224572,438.0480041503906,441.2220001220703,0.055318125865919665,0.04772653823109585,0.058906120363527326,-18.083416210327364,1.0,0.0,0.0,0.0,-0.017629994630971146,0
2024-12-26,454.1300048828125,454.1300048828125,465.3299865722656,451.0199890136719,465.1600036621094,76366400,462.2799987792969,-0.017629994630971146,-1.7629994630971146,440.84800415039064,444.1580017089844,0.030128299566693384,0.02245147703172945,0.042642672565089045,28.235250655731647,3.0,0.2511709928512573,1.0,0.0,-0.04947922616674816,0
2024-12-27,431.6600036621094,431.6600036621094,450.0,426.5,449.5199890136719,82666800,454.1300048828125,-0.04947922616674816,-4.947922616674816,439.9460021972656,445.5140014648438,-0.018834126219519298,-0.03109666083935103,0.04969697901749423,8.250225229944053,2.0,-0.4070737957954407,0.0,1.0,-0.03301209257078741,0
2024-12-30,417.4100036621094,417.4100036621094,427.0,415.75,419.3999938964844,64941000,431.6600036621094,-0.03301209257078741,-3.301209257078741,439.21600341796875,443.6320007324219,-0.04964755288096423,-0.05910754189738532,0.04942652396919531,-21.442465415378365,3.0,0.31000534693400067,1.0,0.0,-0.03251001941775111,0
2024-12-31,403.8399963378906,403.8399963378906,427.92999267578125,402.5400085449219,423.7900085449219,76825100,417.4100036621094,-0.03251001941775111,-3.2510019417751113,433.86400146484374,437.71400146484376,-0.06920142031969434,-0.07738844316972082,0.04904310442747762,18.29984139449654,2.0,0.39353036880493164,1.0,0.0,-0.06081615932376483,0
2025-01-02,379.2799987792969,379.2799987792969,392.7300109863281,373.0400085449219,390.1000061035156,109710700,403.8399963378906,-0.06081615932376483,-6.081615932376483,417.2640014648438,427.6560028076172,-0.09103110393468061,-0.11311896409900846,0.016732669731360294,42.80580174968858,3.0,-0.3253212769826253,0.0,1.0,0.08215567328200035,1
2025-01-03,410.44000244140625,410.44000244140625,411.8800048828125,379.45001220703125,381.4800109863281,95423300,379.2799987792969,0.08215567328200035,8.215567328200034,408.5260009765625,424.68700256347654,0.004685139893833901,-0.03354705944866032,0.05763797763938599,-13.02279540646446,2.0,0.0,0.0,0.0,0.0014861742226248698,1
2025-01-06,411.04998779296875,411.04998779296875,426.42999267578125,401.70001220703125,423.20001220703125,85516500,410.44000244140625,0.0014861742226248698,0.14861742226248698,404.40399780273435,422.175,0.01643403632591256,-0.02635166034708658,0.05530025157805366,-10.381950739494439,3.0,0.0,0.0,0.0,-0.040603340073111505,0
2025-01-07,394.3599853515625,394.3599853515625,414.3299865722656,390.0,405.8299865722656,75699500,411.04998779296875,-0.040603340073111505,-4.06033400731115,399.793994140625,419.5049987792969,-0.013592022063120601,-0.05993972300902972,0.056236401048633575,-11.479655972823954,2.0,0.38183048367500305,1.0,0.0,0.0014707807875757872,1
2025-01-08,394.94000244140625,394.94000244140625,402.5,387.3999938964844,392.95001220703125,73038800,394.3599853515625,0.0014707807875757872,0.14707807875757872,398.0139953613281,415.9389984130859,-0.0077233287164467646,-0.05048575885357287,0.05488164586932784,-3.5148184598313037,2.0,-0.29530850052833557,0.0,1.0,-0.0005064369418008585,0
2025-01-10,394.739990234375,394.739990234375,399.2799987792969,377.2900085449219,391.3999938964844,62287300,394.94000244140625,-0.0005064369418008585,-0.05064369418008585,401.1059936523437,409.18499755859375,-0.015871125135782482,-0.03530189867762756,0.04476484134263846,-14.720258273684673,3.0,0.0,0.0,0.0,0.021710512074366584,1
2025-01-13,403.30999755859375,403.30999755859375,403.7900085449219,380.07000732421875,383.2099914550781,67580500,394.739990234375,0.021710512074366584,2.1710512074366584,399.67999267578125,404.1029968261719,0.00908227819588947,-0.0019623691826250456,0.02275157157635452,8.498040531536933,3.0,-0.48152536153793335,0.0,2.0,-0.017232432245921525,0
2025-01-14,396.3599853515625,396.3599853515625,422.6400146484375,394.5400085449219,414.3399963378906,84565000,403.30999755859375,-0.017232432245921525,-1.7232432245921525,396.7419921875,400.5729949951172,-0.0009628596000923473,-0.010517457981924272,0.023302875073868835,25.132249687409836,2.0,-0.3796643316745758,0.0,1.0,0.08038151439752794,1
2025-01-15,428.2200012207031,428.2200012207031,429.79998779296875,405.6600036621094,409.8999938964844,81375500,396.3599853515625,0.08038151439752794,8.038151439752795,403.5139953613281,401.65399475097655,0.061227134977690056,0.06614152184941502,0.037943250116963916,-3.7716549399869903,1.0,0.0,0.0,0.0,-0.03362756026209679,0
2025-01-16,413.82000732421875,413.82000732421875,424.0,409.1300048828125,423.489990234375,68335200,428.2200012207031,-0.03362756026209679,-3.362756026209679,407.2899963378906,402.65199584960936,0.016032829298637585,0.027736138376874386,0.04428866379049278,-16.02484777359279,2.0,0.4242517948150635,1.0,0.0,0.030641323404759335,1
2025-01-17,426.5,426.5,439.739990234375,419.75,421.5,94991400,413.82000732421875,0.030641323404759335,3.0641323404759335,413.6419982910156,407.3739959716797,0.031084855411461776,0.046949496574273164,0.044605339064665205,39.00800758613423,1.0,0.0,0.0,0.0,-0.00569752092797482,0
2025-01-21,424.07000732421875,424.07000732421875,433.20001220703125,406.30999755859375,432.6400146484375,87320900,426.5,-0.00569752092797482,-0.569752092797482,417.79400024414065,408.73699645996095,0.015021774071457994,0.037513146588284974,0.045461564865790255,-8.074941521021906,3.0,-0.4860971470673879,0.0,2.0,-0.021128638710367298,0
2025-01-22,415.1099853515625,415.1099853515625,428.0,414.5899963378906,416.80999755859375,60963300,424.07000732421875,-0.021128638710367298,-2.11286387103673,421.54400024414065,409.1429962158203,-0.015262973470982488,0.014584116533659763,0.04609318102338917,-30.184755310584286,3.0,0.07407198349634807,1.0,1.0,-0.006576523247056931,0
2025-01-23,412.3800048828125,412.3800048828125,420.7300109863281,408.95001220703125,416.05999755859375,50690600,415.1099853515625,-0.006576523247056931,-0.6576523247056931,418.3760009765625,410.9449981689453,-0.01433159664931627,0.0034919678308804603,0.02411951797644556,-16.85062980514507,2.0,-0.41152581572532654,0.0,1.0,-0.014064741844588391,0
2025-01-24,406.5799865722656,406.5799865722656,418.8800048828125,405.7799987792969,414.45001220703125,56427100,412.3800048828125,-0.014064741844588391,-1.406474184458839,416.92799682617186,412.10899658203124,-0.024819657908990433,-0.013416377840868243,0.02001384459871205,11.3166938248906,1.0,-0.9230577945709229,0.0,1.0,-0.023193450212053546,0
2025-01-27,397.1499938964844,397.1499938964844,406.69000244140625,389.0,394.79998779296875,58125500,406.5799865722656,-0.023193450212053546,-2.3193450212053546,411.05799560546876,412.34999694824216,-0.03383464585939644,-0.03686189684552288,0.00805128907188085,3.0099012708432626,3.0,-0.601839522520701,0.0,2.0,0.0023668700890153715,1
2025-01-28,398.0899963378906,398.0899963378906,400.5899963378906,386.5,396.9100036621094,48910700,397.1499938964844,0.0023668700890153715,0.23668700890153715,405.86199340820315,411.8279968261719,-0.019149359133255217,-0.03335858803713132,0.010575457930139948,-15.853282982511974,0.0,0.0,0.0,0.0,-0.02258280870425211,0
2025-01-29,389.1000061035156,389.1000061035156,398.5899963378906,384.4800109863281,395.2099914550781,68033600,398.0899963378906,-0.02258280870425211,-2.258280870425211,400.6599975585938,411.1019989013672,-0.028852372399337356,-0.05351954711154394,0.010886824874767541,39.09757987516025,3.0,0.305692195892334,1.0,0.0,0.028732954254456988,1
2025-01-30,400.2799987792969,400.2799987792969,412.5,384.4100036621094,410.7799987792969,98092900,389.1000061035156,0.028732954254456988,2.873295425445699,398.2399963378906,408.30799865722656,0.005122545349953711,-0.019661627752409427,0.021861553208213782,44.18302133063663,0.0,0.0,0.0,0.0,0.010792463618949588,1
2025-01-31,404.6000061035156,404.6000061035156,419.989990234375,401.3399963378906,401.5299987792969,83283600,400.2799987792969,0.010792463618949588,1.0792463618949588,397.8440002441406,407.38599853515626,0.016981545166520284,-0.006838704426902931,0.022319074470119916,-15.097219064784506,3.0,-0.05171447992324829,1.0,1.0,-0.05170542044525339,0
2025-02-03,383.67999267578125,383.67999267578125,389.1700134277344,374.3599853515625,386.67999267578125,93732100,404.6000061035156,-0.05170542044525339,-5.170542044525339,395.15,403.1039978027344,-0.029026970325746526,-0.04818608903119492,0.03130972834634301,12.545687266160455,3.0,-0.4852410554885864,0.0,2.0,0.022232065633156273,1
2025-02-04,392.2099914550781,392.2099914550781,394.0,381.3999938964844,382.6300048828125,57072200,383.67999267578125,0.022232065633156273,2.2232065633156273,393.9739990234375,399.9179962158203,-0.004477472048236453,-0.01927396324666142,0.0338686968622637,-39.11136099585948,2.0,-0.9411665201187134,0.0,2.0,-0.035797094243459227,0
2025-02-05,378.1700134277344,378.1700134277344,388.3900146484375,375.5299987792969,387.510009765625,57223300,392.2099914550781,-0.035797094243459227,-3.5797094243459227,391.7880004882812,396.2239990234375,-0.03475856086346418,-0.04556509863158287,0.03625826046245722,0.26475236630092436,2.0,0.0,0.0,0.0,-0.010180622383618276,0
2025-02-06,374.32000732421875,374.32000732421875,375.3999938964844,363.17999267578125,373.0299987792969,77918200,378.1700134277344,-0.010180622383618276,-1.0180622383618276,386.59600219726565,392.4179992675781,-0.0317540657515204,-0.04611916878720668,0.030956107765862228,36.16516349109542,1.0,-0.9313635230064392,0.0,1.0,-0.0339282217314959,0
2025-02-07,361.6199951171875,361.6199951171875,380.54998779296875,360.3399963378906,370.19000244140625,70298300,374.32000732421875,-0.0339282217314959,-3.39282217314959,378.0,387.9220001220703,-0.04333334625082674,-0.0678023030315531,0.028771298845762665,-9.779358352734025,2.0,0.0,0.0,0.0,-0.030114441341470455,0
2025-02-10,350.7300109863281,350.7300109863281,362.70001220703125,350.510009765625,356.2099914550781,77514900,361.6199951171875,-0.030114441341470455,-3.0114441341470455,371.4100036621094,383.2800018310547,-0.05567968679323698,-0.08492483481847357,0.02447441501108338,10.265682100420626,3.0,-0.2543460726737976,0.0,1.0,-0.06338211812502892,0
2025-02-11,328.5,328.5,349.3699951171875,325.1000061035156,345.79998779296875,118543400,350.7300109863281,-0.06338211812502892,-6.338211812502892,358.6680053710937,376.3210021972656,-0.08411122519802283,-0.12707502881329513,0.019017679164290438,52.92982381451825,0.0,0.0,0.0,0.0,0.0243835913717656,1
2025-02-12,336.510009765625,336.510009765625,346.3999938964844,329.1199951171875,329.94000244140625,105382700,328.5,0.0243835913717656,2.43835913717656,350.33600463867185,371.06200256347654,-0.03946495561398733,-0.09311649416849366,0.03244096774709467,-11.102009896797293,3.0,-0.5647222797075907,0.0,2.0,0.05773971683431944,1
2025-02-13,355.94000244140625,355.94000244140625,358.69000244140625,342.8500061035156,345.0,89441500,336.510009765625,0.05773971683431944,5.773971683431944,346.6600036621094,366.6280029296875,0.026769741767908473,-0.02915216623627903,0.048972661869738025,-15.126961066664645,2.0,-0.45968130230903625,0.0,1.0,-0.0002809633725618932,0
2025-02-14,355.8399963378906,355.8399963378906,362.0,347.5,360.6199951171875,68277300,355.94000244140625,-0.0002809633725618932,-0.02809633725618932,345.50400390625,361.752001953125,0.029915695085389604,-0.016342703242318013,0.04697212391485774,-23.662617465046985,3.0,-0.5393270055452982,0.0,2.0,-0.004861766535893763,0
2025-02-18,354.1099853515625,354.1099853515625,359.1000061035156,350.0199890136719,355.010009765625,51631700,355.8399963378906,-0.004861766535893763,-0.48617665358937634,346.17999877929685,358.7950012207031,0.022907119418303923,-0.01305763974749119,0.04453217773913827,-24.37940574685876,3.0,0.21344945828119913,1.0,0.0,0.018214714280444966,1
2025-02-19,360.55999755859375,360.55999755859375,367.3399963378906,353.6700134277344,354.0,67094400,354.1099853515625,0.018214714280444966,1.8214714280444966,352.5919982910156,355.6300018310547,0.02259835534044563,0.013862710407321233,0.02485707752870429,29.948074535605063,2.0,-0.4450622797012329,0.0,1.0,-0.01708454543992588,0
2025-02-20,354.3999938964844,354.3999938964844,362.29998779296875,348.0,361.510009765625,45965400,360.55999755859375,-0.01708454543992588,-1.708454543992588,356.1699951171875,353.2529998779297,-0.0049695405142725635,0.0032469477087271326,0.0291715900759271,-31.49145085133782,1.0,0.0,0.0,0.0,-0.046839747148427646,0
2025-02-21,337.79998779296875,337.79998779296875,354.9800109863281,334.4200134277344,353.44000244140625,74058600,354.3999938964844,-0.046839747148427646,-4.683974714842765,352.5419921875,349.6009979248047,-0.04181630762071231,-0.0337556534503205,0.024104686713456613,61.11814538761764,2.0,0.0,0.0,0.0,-0.021521578674915554,0
2025-02-24,330.5299987792969,330.5299987792969,342.3999938964844,324.70001220703125,338.1400146484375,76052300,337.79998779296875,-0.021521578674915554,-2.1521578674915554,347.47999267578126,346.49199829101565,-0.04877976935005779,-0.04606744049053746,0.023795780194977346,2.6920573707847506,3.0,-0.9655205210049947,0.0,3.0,-0.0838955952220366,0
2025-02-25,302.79998779296875,302.79998779296875,328.8900146484375,297.25,327.0199890136719,134228800,330.5299987792969,-0.0838955952220366,-8.38955952220366,337.2179931640625,341.69899597167966,-0.10206455784922708,-0.11383998383751437,0.03791902432176441,76.49538541240699,0.0,0.0,0.0,0.0,-0.039630120487999076,0
2025-02-26,290.79998779296875,290.79998779296875,309.0,288.0400085449219,303.7099914550781,100118300,302.79998779296875,-0.039630120487999076,-3.9630120487999076,323.2659912109375,337.9289947509766,-0.10043123712566482,-0.13946422973482253,0.026571669450765126,-25.412206620337805,3.0,-0.8752749363581339,0.0,3.0,-0.030433204805490277,0
2025-02-27,281.95001220703125,281.95001220703125,297.2300109863281,280.8800048828125,291.1600036621094,101748200,290.79998779296875,-0.030433204805490277,-3.0433204805490277,308.7759948730469,332.4729949951172,-0.08687845917894343,-0.15196116240607127,0.024016032027794083,1.6279741066318465,1.0,-0.9654130339622498,0.0,1.0,0.03912040539724382,1
2025-02-28,292.9800109863281,292.9800109863281,293.8800048828125,273.6000061035156,279.5,115697000,281.95001220703125,0.03912040539724382,3.912040539724382,299.81199951171874,326.1769958496094,-0.022787575335601495,-0.10177598446760916,0.044187008083636285,13.709136869251747,2.0,0.4262799620628357,1.0,0.0,-0.02843203214376444,0
2025-03-03,284.6499938964844,284.6499938964844,303.94000244140625,277.29998779296875,300.3399963378906,115551400,292.9800109863281,-0.02843203214376444,-2.843203214376444,290.63599853515626,319.05799560546876,-0.02059622575607334,-0.10784246808699827,0.04407009737339339,-0.12584595970509538,3.0,-0.6338249643643697,0.0,2.0,-0.04429996705409467,0
2025-03-04,272.0400085449219,272.0400085449219,284.3500061035156,261.8399963378906,270.92999267578125,126706600,284.6499938964844,-0.04429996705409467,-4.429996705409467,284.4840026855469,310.8509979248047,-0.04374233356938506,-0.12485399641300576,0.03408922955295044,9.653885630117841,2.0,-0.47719359397888184,0.0,1.0,0.025952056083059283,1
2025-03-05,279.1000061035156,279.1000061035156,279.54998779296875,267.7099914550781,272.9200134277344,94042900,272.0400085449219,0.025952056083059283,2.5952056083059283,282.1440063476563,302.7049987792969,-0.010788817680535301,-0.07798018787589212,0.0374524745989779,-25.779004408610128,2.0,-0.4802073538303375,0.0,1.0,-0.056073068986891905,0
2025-03-06,263.45001220703125,263.45001220703125,272.6499938964844,260.0199890136719,272.05999755859375,98451600,279.1000061035156,-0.056073068986891905,-5.60730689868919,278.4440063476562,293.61000061035156,-0.053849225692809366,-0.10272125724813264,0.042739334635499455,4.687966874692284,3.0,-0.8944437305132548,0.0,3.0,-0.0029607088371812473,0
2025-03-07,262.6700134277344,262.6700134277344,266.25,250.72999572753906,259.32000732421875,102369600,263.45001220703125,-0.0029607088371812473,-0.29607088371812473,272.3820068359375,286.0970031738281,-0.03565578182281659,-0.08188477854086385,0.033007661619681196,3.9796204429384696,1.0,-0.7501698732376099,0.0,1.0,-0.1542620682219512,0
2025-03-10,222.14999389648438,222.14999389648438,253.3699951171875,220.0,252.5399932861328,189076900,262.6700134277344,-0.1542620682219512,-15.426206822195121,259.8820068359375,275.2590026855469,-0.14518901634953585,-0.19294195020292837,0.06865488114015926,84.70024304090278,3.0,-0.314555287361145,0.0,1.0,0.037947369642955975,1
2025-03-11,230.5800018310547,230.5800018310547,237.05999755859375,217.02000427246094,225.30999755859375,174896400,222.14999389648438,0.037947369642955975,3.7947369642955975,251.59000549316406,268.0370040893555,-0.08350889623348023,-0.13974563842615462,0.078420970651051,-7.49985852317232,1.0,-0.7883394956588745,0.0,1.0,0.0759389121683911,1
2025-03-12,248.08999633789062,248.08999633789062,251.83999633789062,241.10000610351562,247.22000122070312,142215700,230.5800018310547,0.0759389121683911,7.59389121683911,245.38800354003905,263.76600494384763,0.011011103879863038,-0.059431497282199874,0.08969393723437116,-18.685747676910445,2.0,-0.4711777865886688,0.0,1.0,-0.02986820819658198,0
2025-03-13,240.67999267578125,240.67999267578125,248.2899932861328,232.60000610351562,248.1300048828125,114813500,248.08999633789062,-0.02986820819658198,-2.986820819658198,240.83399963378906,259.63900299072264,-0.0006394734889675346,-0.0730206559744756,0.08779606607455287,-19.268055495982505,3.0,-0.5929150581359863,0.0,2.0,0.038640532386444715,1
2025-03-14,249.97999572753906,249.97999572753906,251.5800018310547,240.72999572753906,247.30999755859375,100242300,240.67999267578125,0.038640532386444715,3.8640532386444715,238.29599609375,255.33900146484376,0.04903145594268543,-0.020987807215352317,0.0910891757775949,-12.691190495891158,2.0,-0.7439817190170288,0.0,2.0,-0.04788383640805238,0
2025-03-17,238.00999450683594,238.00999450683594,245.39999389648438,232.8000030517578,245.05999755859375,111900600,249.97999572753906,-0.04788383640805238,-4.788383640805238,241.4679962158203,250.6750015258789,-0.014320745453545114,-0.050523614009973294,0.05188094641516076,11.630120218710061,3.0,-0.616994321346283,0.0,2.0,-0.05335909096824687,0
2025-03-18,225.30999755859375,225.30999755859375,230.10000610351562,222.27999877929688,228.16000366210938,111477600,238.00999450683594,-0.05335909096824687,-5.335909096824687,240.41399536132812,246.0020004272461,-0.06282495234952501,-0.08411314880657605,0.057526763340701614,-0.37801405890585116,2.0,-0.7083196341991425,0.0,2.0,0.046824389357219776,1
2025-03-19,235.86000061035156,235.86000061035156,241.41000366210938,229.1999969482422,231.61000061035156,111993800,225.30999755859375,0.046824389357219776,4.682438935721978,237.9679962158203,241.6779998779297,-0.008858315567598196,-0.02407335078292927,0.04822100956372899,0.46305266708288606,2.0,-0.2956322729587555,0.0,1.0,0.0016958954271570903,1
2025-03-20,236.25999450683594,236.25999450683594,238.0,230.0500030517578,233.35000610351562,99028300,235.86000061035156,0.0016958954271570903,0.16958954271570903,237.08399658203126,238.95899810791016,-0.0034755702074991124,-0.011294839794462996,0.04687452254590741,-11.576980154258543,3.0,-0.5203079382578532,0.0,2.0,0.05269623506518384,1
2025-03-21,248.7100067138672,248.7100067138672,249.52000427246094,234.5500030517578,234.99000549316406,132728700,236.25999450683594,0.05269623506518384,5.269623506518384,236.8299987792969,237.56299743652343,0.05016259762616193,0.046922329645727956,0.05028008285758066,34.03108000440278,1.0,0.0,0.0,0.0,0.11933580126800525,1
2025-03-24,278.3900146484375,278.3900146484375,278.6400146484375,256.3299865722656,258.0799865722656,169079900,248.7100067138672,0.11933580126800525,11.933580126800525,244.9060028076172,243.18699951171874,0.13672189108048616,0.1447569779938931,0.06416736612504696,27.38759590050983,3.0,0.2848929166793823,2.0,1.0,0.03502280788451673,1
2025-03-25,288.1400146484375,288.1400146484375,288.20001220703125,271.2799987792969,283.6000061035156,150361500,278.3900146484375,0.03502280788451673,3.5022807884516727,257.4720062255859,248.94300079345703,0.1191120109421977,0.1574537694574567,0.04294238556929452,-11.070742294027857,1.0,-0.9594170451164246,0.0,1.0,-0.05580626179068926,0
2025-03-26,272.05999755859375,272.05999755859375,284.8999938964844,266.510009765625,282.6600036621094,153629800,288.1400146484375,-0.05580626179068926,-5.5806261790689256,264.7120056152344,251.34000091552736,0.02775843855771276,0.08243811795811262,0.06458199435905358,2.1736282226500814,2.0,0.0,0.0,0.0,0.0039329829222258805,1
2025-03-27,273.1300048828125,273.1300048828125,291.8500061035156,271.82000732421875,272.4800109863281,162572100,272.05999755859375,0.0039329829222258805,0.39329829222258805,272.0860076904297,254.58500213623046,0.003837011690695391,0.07284405047811293,0.06433907695037851,5.820680623160346,3.0,0.0,0.0,0.0,-0.03507493471452938,0
2025-03-28,263.54998779296875,263.54998779296875,276.1000061035156,260.57000732421875,275.5799865722656,123809400,273.1300048828125,-0.03507493471452938,-3.507493471452938,275.05400390625,255.94200134277344,-0.041824572447243136,0.02972543158325247,0.0687729170989032,-23.84339010199167,3.0,-0.5951651533444723,0.0,2.0,-0.016657121359109794,0
2025-03-31,259.1600036621094,259.1600036621094,260.55999755859375,243.36000061035156,249.30999755859375,134008900,263.54998779296875,-0.016657121359109794,-1.6657121359109794,271.2080017089844,258.05700225830077,-0.0444234608527625,0.004274254890028306,0.03508348049835169,8.238065930373617,3.0,-0.6430489818255106,0.0,2.0,0.035885119854736525,1
2025-04-01,268.4599914550781,268.4599914550781,277.45001220703125,259.25,263.79998779296875,146486900,259.1600036621094,0.035885119854736525,3.5885119854736525,267.2719970703125,262.3720016479492,0.004444889093461857,0.02320365652161982,0.035383803737059585,9.311321859966014,3.0,-0.9631656606992086,0.0,3.0,0.05326685079977622,1
2025-04-02,282.760009765625,282.760009765625,284.989990234375,251.27000427246094,254.60000610351562,212787800,268.4599914550781,0.05326685079977622,5.326685079977622,269.41199951171876,267.06200256347654,0.04954497304536587,0.05878038452294354,0.03642206023346683,45.26063422736095,0.0,0.0,0.0,0.0,-0.05474611137253549,0
2025-04-03,267.2799987792969,267.2799987792969,276.29998779296875,261.510009765625,265.2900085449219,136174300,282.760009765625,-0.05474611137253549,-5.474611137253548,268.24199829101565,270.1640029907227,-0.0035863120534730397,-0.010675012879213353,0.046286896768082134,-36.004648762758016,3.0,-0.646993358929952,0.0,2.0,-0.10419786826814681,0
2025-04-04,239.42999267578125,239.42999267578125,261.0,236.0,255.3800048828125,181229400,267.2799987792969,-0.10419786826814681,-10.419786826814681,263.4179992675781,269.2360015869141,-0.09106441723228653,-0.11070588158883699,0.06473445942393356,33.08634595514719,2.0,-0.30059927701950073,0.0,1.0,-0.025644236634809525,0
2025-04-07,233.2899932861328,233.2899932861328,252.0,214.25,223.77999877929688,183453800,239.42999267578125,-0.025644236634809525,-2.5644236634809525,258.24399719238284,264.7259994506836,-0.09662956032879311,-0.11874922081617101,0.06483718678368736,1.2273946721668816,3.0,-0.9311196804046631,0.0,3.0,-0.048994783337158565,0
2025-04-08,221.86000061035156,221.86000061035156,250.44000244140625,217.8000030517578,245.0,171603500,233.2899932861328,-0.048994783337158565,-4.899478333715857,248.9239990234375,258.097998046875,-0.10872394192308354,-0.14040402370708038,0.05754785577773859,-6.459555484814161,2.0,-0.2690216451883316,1.0,1.0,0.22689989839624536,1
2025-04-09,272.20001220703125,272.20001220703125,274.69000244140625,223.8800048828125,224.69000244140625,219433400,221.86000061035156,0.22689989839624536,22.689989839624538,246.81199951171874,258.11199951171875,0.10286376977431799,0.05458100639243191,0.13075461679490522,27.8723336062493,2.0,0.0,0.0,0.0,-0.07274069589492627,0
2025-04-10,252.39999389648438,252.39999389648438,262.489990234375,239.3300018310547,260.0,181722600,272.20001220703125,-0.07274069589492627,-7.274069589492626,243.83599853515625,256.03899841308595,0.03512194841113003,-0.014212696265631042,0.13282346038565937,-17.185533287093037,2.0,0.0,0.0,0.0,-0.00035656236159631316,0
2025-04-11,252.30999755859375,252.30999755859375,257.739990234375,241.36000061035156,251.83999633789062,128948100,252.39999389648438,-0.00035656236159631316,-0.035656236159631316,246.41199951171876,254.91499938964844,0.02393551474182365,-0.010219099846191626,0.12101615572253832,-29.041241980909362,1.0,0.0,0.0,0.0,0.00015856900364230597,1
2025-04-14,252.35000610351562,252.35000610351562,261.79998779296875,245.92999267578125,258.3599853515625,100135200,252.30999755859375,0.00015856900364230597,0.015856900364230597,250.2240020751953,254.23399963378907,0.008496403265428665,-0.007410470405167069,0.11934385582980415,-22.344571187943053,3.0,0.21197980642318726,1.0,0.0,0.0069744183248166,1
2025-04-15,254.11000061035156,254.11000061035156,258.75,247.5399932861328,249.91000366210938,79594300,252.35000610351562,0.0069744183248166,0.69744183248166,256.6740020751953,252.79900054931642,-0.009989330606582358,0.005185938465683826,0.1136260448638485,-20.51316619929855,1.0,0.0,0.0,0.0,-0.049427403598542585,0
2025-04-16,241.5500030517578,241.5500030517578,251.97000122070312,233.88999938964844,247.61000061035156,112378700,254.11000061035156,-0.049427403598542585,-4.942740359854259,250.54400024414062,248.6779998779297,-0.03589787495856489,-0.02866356022515404,0.03577717200805779,41.18938165170118,2.0,0.21850313246250153,1.0,0.0,-0.0007452201709629014,0
2025-04-17,241.3699951171875,241.3699951171875,244.33999633789062,237.67999267578125,243.47000122070312,83404800,241.5500030517578,-0.0007452201709629014,-0.07452201709629014,248.33800048828124,246.08699951171874,-0.028058554701226868,-0.019168035710503295,0.02299876277818457,-25.782376909503313,1.0,0.0,0.0,0.0,-0.05746362595919796,0
2025-04-21,227.5,227.5,232.2100067138672,222.7899932861328,230.25999450683594,97768000,241.3699951171875,-0.05746362595919796,-5.746362595919797,243.3760009765625,244.8940002441406,-0.0652324013578125,-0.07102664919026247,0.03071717106300217,17.221071209330873,3.0,-0.8709771037101746,0.0,3.0,0.04602198338770602,1
2025-04-22,237.97000122070312,237.97000122070312,242.7899932861328,229.85000610351562,230.9600067138672,120858500,227.5,0.04602198338770602,4.602198338770602,240.5,245.36200103759765,-0.010519745444061868,-0.030126913644471842,0.04276463128461574,23.61764585549464,2.0,-0.48430168628692627,0.0,1.0,0.0536622440095611,1
2025-04-23,250.74000549316406,250.74000549316406,259.45001220703125,244.42999267578125,254.86000061035156,150381900,237.97000122070312,0.0536622440095611,5.36622440095611,239.8260009765625,248.2500015258789,0.045508011942658966,0.010030227399719038,0.05179455652677947,24.42807084317611,1.0,0.0,0.0,0.0,0.0349764859229853,1
2025-04-24,259.510009765625,259.510009765625,259.5400085449219,249.1999969482422,250.5,94464200,250.74000549316406,0.0349764859229853,3.49764859229853,243.41800231933593,246.9810012817383,0.06610853467270772,0.05072863264326366,0.0457019146664345,-37.183796720216996,3.0,0.12896089752515158,1.0,0.0,0.09803091011549903,1
2025-04-25,284.95001220703125,284.95001220703125,286.8500061035156,259.6300048828125,261.69000244140625,167560700,259.510009765625,0.09803091011549903,9.803091011549903,252.13400573730468,250.23600311279296,0.13015303657181865,0.13872507817586532,0.05699160328751017,77.38010801975774,2.0,0.0,0.0,0.0,0.0032637046356942534,1
2025-04-28,285.8800048828125,285.8800048828125,294.8599853515625,272.4200134277344,288.9800109863281,151731800,284.95001220703125,0.0032637046356942534,0.32637046356942534,263.8100067138672,253.59300384521484,0.08365868468697912,0.12731818523394534,0.034302848611894095,-9.446666193206399,3.0,0.2436075210571289,1.0,0.0,0.021512501019458785,1
2025-04-29,292.0299987792969,292.0299987792969,293.32000732421875,279.4700012207031,285.5,108906600,285.8800048828125,0.021512501019458785,2.1512501019458785,274.62200622558595,257.56100311279295,0.06338892062208323,0.13382847267219655,0.036209876666348145,-28.224274674128957,2.0,-0.38578104972839355,0.0,1.0,-0.03379788089732105,0
2025-04-30,282.1600036621094,282.1600036621094,284.45001220703125,270.7799987792969,279.8999938964844,128961100,292.0299987792969,-0.03379788089732105,-3.3797880897321053,280.906005859375,260.3660034179687,0.004464118874560885,0.08370524553143932,0.04841140964309998,18.414402800197593,1.0,0.0,0.0,0.0,-0.005812356915055328,0
2025-05-01,280.5199890136719,280.5199890136719,290.8699951171875,279.80999755859375,280.010009765625,99659000,282.1600036621094,-0.005812356915055328,-0.5812356915055328,285.1080017089844,264.2630020141602,-0.016092191968696712,0.061518210553895836,0.04968710836774191,-22.721657926304907,2.0,0.0,0.0,0.0,0.023848576584252656,1
2025-05-02,287.2099914550781,287.2099914550781,294.7799987792969,279.80999755859375,284.8999938964844,114454700,280.5199890136719,0.023848576584252656,2.3848576584252656,285.55999755859375,268.84700164794924,0.00577809886045344,0.06830275098687877,0.02346285317778022,14.846325971563035,2.0,0.0,0.0,0.0,-0.024198258752220814,0
2025-05-05,280.260009765625,280.260009765625,284.8500061035156,274.3999938964844,284.57000732421875,94618900,287.2099914550781,-0.024198258752220814,-2.4198258752220814,284.4359985351563,274.12300262451174,-0.01468164645487069,0.022387786075434235,0.02610132575483643,-17.330699394607652,3.0,-0.5205273628234863,0.0,2.0,-0.017519458684867262,0
2025-05-06,275.3500061035156,275.3500061035156,277.7300109863281,271.3500061035156,273.1099853515625,76715800,280.260009765625,-0.017519458684867262,-1.7519458684867262,281.1,277.86100311279296,-0.020455332253590863,-0.009036881682378595,0.022229182486400795,-18.921272599871696,2.0,-0.4872661232948303,0.0,1.0,0.003159597232260225,1
2025-05-07,276.2200012207031,276.2200012207031,277.9200134277344,271.0,276.8800048828125,71592600,275.3500061035156,0.003159597232260225,0.3159597232260225,279.91199951171876,280.40900268554685,-0.01318985358775615,-0.014938897912422977,0.018846608657821833,-6.678154956345372,2.0,-0.2703495919704437,0.0,1.0,0.031134624811778533,1
2025-05-08,284.82000732421875,284.82000732421875,289.79998779296875,279.4100036621094,279.6300048828125,97539400,276.2200012207031,0.031134624811778533,3.1134624811778533,280.7720031738281,282.94000244140625,0.014417406666733967,0.0066445354725046535,0.024426589112880166,36.24229319790033,1.0,-0.926710844039917,0.0,1.0,0.04718770485146129,1
2025-05-09,298.260009765625,298.260009765625,307.0400085449219,290.0,290.2099914550781,132387800,284.82000732421875,0.04718770485146129,4.718770485146129,282.9820068359375,284.2710021972656,0.05398930872147334,0.04921011098645911,0.030750106074892637,35.727511139088406,2.0,0.0,0.0,0.0,0.06745790403815088,1
2025-05-12,318.3800048828125,318.3800048828125,322.2099914550781,311.5,321.989990234375,112826700,298.260009765625,0.06745790403815088,6.745790403815088,290.606005859375,287.5210021972656,0.09557269451918149,0.10732782109730832,0.03394578327060028,-14.775606211448489,3.0,-0.2896857460339864,0.0,1.0,0.049280740626853614,1
2025-05-13,334.07000732421875,334.07000732421875,337.5899963378906,316.79998779296875,320.0,136992600,318.3800048828125,0.049280740626853614,4.928074062685361,302.3500061035156,291.7250030517578,0.10491152829625916,0.14515383950462435,0.024119020616444345,21.418600384483465,2.0,0.0,0.0,0.0,0.04073991993646375,1
2025-05-14,347.67999267578125,347.67999267578125,350.0,337.0,342.5,136997300,334.07000732421875,0.04073991993646375,4.073991993646375,316.6420043945312,298.277001953125,0.0980223338991284,0.16562789085033125,0.013365377795751376,0.003430842249874111,1.0,0.0,0.0,0.0,-0.013978329078298546,0
2025-05-15,342.82000732421875,342.82000732421875,346.1400146484375,334.7200012207031,340.3399963378906,97882600,347.67999267578125,-0.013978329078298546,-1.3978329078298546,328.24200439453125,304.5070037841797,0.04441236263036408,0.12581977775195452,0.030775787327406774,-28.551438604994406,3.0,0.4889087478319804,2.0,0.0,0.0208856061756566,1
2025-05-16,349.9800109863281,349.9800109863281,351.6199951171875,342.3299865722656,346.239990234375,95895700,342.82000732421875,0.0208856061756566,2.08856061756566,338.58600463867185,310.7840057373047,0.033651734541761735,0.12611976332576935,0.0310884324521217,-2.0298806938107483,1.0,-0.7309250831604004,0.0,1.0,-0.022544186527114873,0
2025-05-19,342.0899963378906,342.0899963378906,343.0,333.3699951171875,336.29998779296875,88869900,349.9800109863281,-0.022544186527114873,-2.2544186527114873,343.3280029296875,316.9670043945313,-0.003605900425344588,0.07926059051903267,0.03209979190717568,-7.326501605390023,3.0,0.3005686004956563,1.0,0.0,0.005057180873010214,1
2025-05-20,343.82000732421875,343.82000732421875,354.989990234375,341.6300048828125,347.8699951171875,131715500,342.0899963378906,0.005057180873010214,0.5057180873010214,345.2780029296875,323.8140045166016,-0.004222671566383118,0.06178238905226685,0.025706182628478225,48.21159920287972,1.0,0.8622816801071167,1.0,0.0,-0.026758222357769146,0
2025-05-21,334.6199951171875,334.6199951171875,347.3500061035156,332.20001220703125,344.42999267578125,102354800,343.82000732421875,-0.026758222357769146,-2.6758222357769146,342.66600341796874,329.65400390625,-0.023480614419070567,0.01506425267733058,0.020016215936999142,-22.290998401858552,2.0,0.0,0.0,0.0,0.019185982671137136,1
2025-05-22,341.0400085449219,341.0400085449219,347.2699890136719,331.3900146484375,331.8999938964844,97113400,334.6199951171875,0.019185982671137136,1.9185982671137136,342.31000366210935,335.2760040283203,-0.0037100730437346074,0.017191819418471477,0.022642021287338634,-5.120815047266958,2.0,0.3913847804069519,1.0,0.0,-0.004984788190348977,0
2025-05-23,339.3399963378906,339.3399963378906,343.17999267578125,333.2099914550781,337.9200134277344,84654800,341.0400085449219,-0.004984788190348977,-0.49847881903489766,340.1820007324219,339.3840026855469,-0.002475158570172442,-0.00012966535637515264,0.019119617821074887,-12.828919592970689,1.0,0.0,0.0,0.0,0.06939947711644767,1
2025-05-27,362.8900146484375,362.8900146484375,363.7900085449219,347.32000732421875,347.3500061035156,120146400,339.3399963378906,0.06939947711644767,6.939947711644767,344.3420043945313,343.8350036621094,0.05386508185813654,0.05541905502167466,0.03600174359983822,41.92508871322123,3.0,-0.4526209831237793,0.0,2.0,-0.016506435862546853,0
2025-05-28,356.8999938964844,356.8999938964844,365.0,355.9100036621094,364.8399963378906,91404300,362.8900146484375,-0.016506435862546853,-1.6506435862546853,346.9580017089844,346.1180023193359,0.028654742471796224,0.0311512013385562,0.038315478471499215,-23.922564471344955,2.0,0.3359055817127228,1.0,0.0,0.004286911755287504,1
2025-05-29,358.42999267578125,358.42999267578125,367.7099914550781,356.0,365.2900085449219,88087800,356.8999938964844,0.004286911755287504,0.42869117552875036,351.7200012207031,347.19300231933596,0.019077651062748613,0.0323652558703067,0.03347022506004756,-3.628385097856446,2.0,0.4058607220649719,1.0,0.0,-0.03339564619395741,0
2025-05-30,346.4599914550781,346.4599914550781,363.67999267578125,345.2900085449219,355.5199890136719,123474900,358.42999267578125,-0.03339564619395741,-3.3395646193957407,352.8039978027344,347.5570007324219,-0.017981673640794282,-0.0031563434919509303,0.03929554802782195,40.17253240516847,1.0,0.0,0.0,0.0,-0.01088145559849063,0
2025-06-02,342.69000244140625,342.69000244140625,348.0199890136719,333.3299865722656,343.5,81873800,346.4599914550781,-0.01088145559849063,-1.088145559849063,353.4739990234375,346.8279998779297,-0.03050859925150029,-0.011930978577219475,0.03970990433150121,-33.69194872804109,3.0,-0.16082034508387247,0.0,1.0,0.004610541775392996,1
2025-06-03,344.2699890136719,344.2699890136719,355.3999938964844,343.0400085449219,346.6000061035156,99324500,342.69000244140625,0.004610541775392996,0.46105417753929956,349.7499938964844,347.04599914550784,-0.015668348758955064,-0.007998968836036235,0.015869304082468397,21.314144451582795,3.0,-0.16466433803240457,0.0,1.0,-0.03549540073392177,0
2025-06-04,332.04998779296875,332.04998779296875,345.6000061035156,327.3299865722656,345.1000061035156,98912100,344.2699890136719,-0.03549540073392177,-3.5495400733921767,344.7799926757813,345.86899719238284,-0.036922110195597546,-0.039954461115598416,0.01954852250009912,-0.4152047078011978,3.0,-0.614234725634257,0.0,2.0,-0.14259893789082123,0
2025-06-05,284.70001220703125,284.70001220703125,324.54998779296875,273.2099914550781,322.489990234375,287499800,332.04998779296875,-0.14259893789082123,-14.259893789082124,330.03399658203125,340.8769989013672,-0.1373615592469185,-0.16480134146742698,0.05780430589824553,190.66191092899655,2.0,-0.01998189091682434,1.0,1.0,0.036670186138995975,1
2025-06-06,295.1400146484375,295.1400146484375,305.5,291.1400146484375,298.8299865722656,164747700,284.70001220703125,0.036670186138995975,3.6670186138995975,319.77000122070314,336.28699951171876,-0.0770240687939523,-0.12235675159320991,0.0684031793145068,-42.69641231054769,1.0,0.522510290145874,1.0,0.0,0.04553761352840424,1
2025-06-09,308.5799865722656,308.5799865722656,309.8299865722656,281.8500061035156,285.9599914550781,140908900,295.1400146484375,0.04553761352840424,4.553761352840424,312.947998046875,333.21099853515625,-0.013957627151700458,-0.07392016491403985,0.0764325730976879,-14.469883342832713,3.0,-0.297634760538737,0.0,1.0,0.05674382827003055,1
2025-06-10,326.0899963378906,326.0899963378906,327.8299865722656,310.6700134277344,314.94000244140625,151256500,308.5799865722656,0.05674382827003055,5.674382827003055,309.31199951171874,329.53099670410154,0.05424295485677155,-0.010442114400851743,0.08355565367605508,7.343468013730847,3.0,-0.020812273025512695,1.0,1.0,0.0010426457165473302,1
2025-06-11,326.42999267578125,326.42999267578125,335.5,322.5,334.3999938964844,122611400,326.0899963378906,0.0010426457165473302,0.10426457165473302,308.18800048828126,326.48399658203124,0.059191117624949996,-0.00016541057698193917,0.08211642068824108,-18.93809522235408,0.0,0.0,0.0,0.0,-0.022424432461661592,0
2025-06-12,319.1099853515625,319.1099853515625,332.55999755859375,316.8599853515625,323.0799865722656,105127500,326.42999267578125,-0.022424432461661592,-2.242443246166159,315.0699951171875,322.5519958496094,0.012822516574046983,-0.01067118028205205,0.033081896914287305,-14.259603919374541,3.0,-0.48940205574035645,0.0,2.0,0.019429076154419578,1
2025-06-13,325.30999755859375,325.30999755859375,332.989990234375,313.29998779296875,313.9700012207031,128964300,319.1099853515625,0.019429076154419578,1.9429076154419578,321.10399169921874,320.43699645996094,0.013098578554310958,0.0152073610490282,0.0322559944544501,22.674181351216372,1.0,0.0,0.0,0.0,0.011742668079331553,1
2025-06-16,329.1300048828125,329.1300048828125,332.04998779296875,326.4100036621094,331.2900085449219,83925900,325.30999755859375,0.011742668079331553,1.1742668079331553,325.2139953613281,319.08099670410155,0.01204133148431552,0.031493596555453474,0.02895615069556056,-34.92315315168616,3.0,-0.5044395128885905,0.0,2.0,-0.03882963749794621,0
2025-06-17,316.3500061035156,316.3500061035156,327.260009765625,314.739990234375,326.0899963378906,88282700,329.1300048828125,-0.03882963749794621,-3.8829637497946212,323.2659973144531,316.28899841308595,-0.02139411898681698,0.0001928859073054845,0.02428168898762333,5.1912460873222654,2.0,-0.482067346572876,0.0,1.0,0.0180179597897272,1
2025-06-18,322.04998779296875,322.04998779296875,329.32000732421875,315.45001220703125,317.30999755859375,95137700,316.3500061035156,0.0180179597897272,1.80179597897272,322.38999633789064,315.28899841308595,-0.001054649799262175,0.021443784635405194,0.026558954531292797,7.764828216626807,2.0,-0.36468055844306946,0.0,1.0,0.0003416111576173275,1
2025-06-20,322.1600036621094,322.1600036621094,332.3599853515625,317.7799987792969,327.95001220703125,108688000,322.04998779296875,0.0003416111576173275,0.03416111576173275,323.0,319.0349975585938,-0.002600607857246473,0.009795182746186626,0.024109014881252742,14.242829078272855,3.0,0.0,0.0,0.0,0.0823193093872907,1
2025-06-23,348.67999267578125,348.67999267578125,357.5400085449219,327.4800109863281,327.5400085449219,190716800,322.1600036621094,0.0823193093872907,8.231930938729072,327.6739990234375,324.3889953613281,0.06410637925177975,0.07488231000991896,0.04377130739010608,75.47180921536875,3.0,-0.0183147390683492,1.0,1.0,-0.023545920693855638,0
2025-06-24,340.4700012207031,340.4700012207031,356.260009765625,340.44000244140625,356.1700134277344,114736200,348.67999267578125,-0.023545920693855638,-2.3545920693855638,329.94199829101564,327.5779968261719,0.03190864753265377,0.03935552607146664,0.04709021794193401,-39.839489756539535,2.0,-0.1876201331615448,1.0,1.0,-0.037947582404945,0
2025-06-25,327.54998779296875,327.54998779296875,343.0,320.3999938964844,342.70001220703125,119845100,340.4700012207031,-0.037947582404945,-3.7947582404945,332.18199462890624,327.7239959716797,-0.013944183943841004,-0.0005309595295120983,0.046873667727856956,4.452735928155205,3.0,-0.5193326473236084,0.0,2.0,-0.0054037218123500486,0
2025-06-26,325.7799987792969,325.7799987792969,331.04998779296875,323.6099853515625,324.6099853515625,80440900,327.54998779296875,-0.0054037218123500486,-0.5403721812350049,332.92799682617186,327.65899658203125,-0.021470101989070955,-0.005734613797683252,0.04677209685620098,-32.8792749974759,0.0,0.0,0.0,0.0,-0.006599526995335614,0
2025-06-27,323.6300048828125,323.6300048828125,329.3399963378906,317.5,324.510009765625,89067000,325.7799987792969,-0.006599526995335614,-0.6599526995335614,333.2219970703125,328.1109985351562,-0.028785591202960203,-0.013656944364404122,0.046978943558760616,10.723524972992603,3.0,0.0,0.0,0.0,-0.018446995428822777,0
2025-06-30,317.6600036621094,317.6600036621094,325.5799865722656,316.6000061035156,319.8999938964844,76695100,323.6300048828125,-0.018446995428822777,-1.8446995428822777,327.01799926757815,327.3459991455078,-0.02861614842738891,-0.029589472633489877,0.013386041827478056,-13.890554301817737,3.0,-0.9536081552505493,0.0,3.0,-0.05335897504131726,0
2025-07-01,300.7099914550781,300.7099914550781,305.8900146484375,293.2099914550781,298.4599914550781,145085700,317.6600036621094,-0.05335897504131726,-5.335897504131726,319.0659973144531,324.5039978027344,-0.05753043575271466,-0.07332423177763314,0.02082847259747379,89.17205923194571,2.0,-0.9703762829303741,0.0,2.0,0.04968242780731846,1
2025-07-02,315.6499938964844,315.6499938964844,316.8299865722656,303.82000732421875,312.6300048828125,119483700,300.7099914550781,0.04968242780731846,4.968242780731846,316.6859985351563,324.4339965820312,-0.00327139388373332,-0.02707485275306487,0.037066298295801686,-17.646122257396833,1.0,-0.9473779201507568,0.0,1.0,-0.0009503811144286889,0
2025-07-03,315.3500061035156,315.3500061035156,318.45001220703125,312.760009765625,317.989990234375,58042300,315.6499938964844,-0.0009503811144286889,-0.09503811144286889,314.6,323.7639984130859,0.0023839990575829084,-0.0259880417551398,0.037162379281050074,-51.4224115925436,3.0,0.0,0.0,0.0,-0.06789282780315342,0
2025-07-07,293.94000244140625,293.94000244140625,296.1499938964844,288.7699890136719,291.3699951171875,131177900,315.3500061035156,-0.06789282780315342,-6.789282780315342,308.66199951171876,320.94199829101564,-0.04769617605536691,-0.084133569284769,0.04639818100797001,126.00396607301919,3.0,-0.8231975038846334,0.0,3.0,0.013165935514200422,1
2025-07-08,297.80999755859375,297.80999755859375,304.04998779296875,294.3500061035156,297.0,103246700,293.94000244140625,0.013165935514200422,1.3165935514200422,304.69199829101564,315.85499877929686,-0.022586745864749624,-0.057130649476635376,0.04846294923643675,-21.292611026704954,3.0,-0.618428369363149,0.0,2.0,-0.0064806174796113725,0
2025-07-09,295.8800048828125,295.8800048828125,300.1499938964844,293.54998779296875,297.54998779296875,75586800,297.80999755859375,-0.0064806174796113725,-0.6480617479611372,303.7260009765625,311.3959991455078,-0.025832480816666892,-0.04982721134912549,0.04261131231636522,-26.79010564018026,1.0,0.0,0.0,0.0,0.0472826483827995,1
2025-07-10,309.8699951171875,309.8699951171875,310.4800109863281,300.0,300.04998779296875,104365300,295.8800048828125,0.0472826483827995,4.72826483827995,302.57000122070315,309.6279998779297,0.024126628109306658,0.0007815676855877918,0.041883988057657265,38.07344668645849,3.0,-0.11485252777735393,1.0,1.0,0.01174690904506881,1
2025-07-11,313.510009765625,313.510009765625,314.0899963378906,305.6499938964844,307.8900146484375,79236400,309.8699951171875,0.01174690904506881,1.174690904506881,302.202001953125,308.4010009765625,0.03741870583059215,0.01656612259001955,0.04241894135558609,-24.07783046663977,0.0,0.0,0.0,0.0,0.010813001260769006,1
2025-07-14,316.8999938964844,316.8999938964844,322.6000061035156,312.6700134277344,317.7300109863281,78043400,313.510009765625,0.010813001260769006,1.0813001260769006,306.79400024414065,307.7279998779297,0.03294064957040099,0.029805523131444245,0.019586964952475177,-1.5056211539141051,3.0,0.16801122824350992,1.0,0.0,-0.01931207079538977,0
2025-07-15,310.7799987792969,310.7799987792969,321.20001220703125,310.5,319.67999267578125,77556300,316.8999938964844,-0.01931207079538977,-1.9312070795389769,309.38800048828125,307.0399993896484,0.004499199351037264,0.012180821381849505,0.025087028376740154,-0.6241399016444715,2.0,0.29237788915634155,1.0,0.0,0.03504091219258654,1
2025-07-16,321.6700134277344,321.6700134277344,323.5,312.6199951171875,312.79998779296875,97284800,310.7799987792969,0.03504091219258654,3.5040912192586537,314.54600219726564,309.13600158691406,0.022648551183940935,0.04054529972723464,0.025626589753782257,25.437649810524743,2.0,0.0,0.0,0.0,-0.007025863995037018,0
2025-07-17,319.4100036621094,319.4100036621094,324.3399963378906,317.05999755859375,323.1499938964844,73922900,321.6700134277344,-0.007025863995037018,-0.7025863995037018,316.45400390625,309.5120025634766,0.009341009181021764,0.031979377266969866,0.020673785389844178,-24.013926122066344,1.0,0.0,0.0,0.0,0.03205907804067243,1
2025-07-18,329.6499938964844,329.6499938964844,330.8999938964844,321.4200134277344,321.6600036621094,94255000,319.4100036621094,0.03205907804067243,3.205907804067243,319.6820007324219,310.94200134277344,0.031180964649948573,0.06016553721569373,0.023784935131605792,27.504467492482032,3.0,-0.20951845248540243,0.0,1.0,-0.0035188948387289143,0
2025-07-21,328.489990234375,328.489990234375,338.0,326.8800048828125,334.3999938964844,75768800,329.6499938964844,-0.0035188948387289143,-0.35188948387289143,322.0,314.3970001220703,0.020155249175077605,0.04482545987026865,0.02456084726713816,-19.612964829452018,3.0,0.0,0.0,0.0,0.0110201078413521,1
2025-07-22,332.1099853515625,332.1099853515625,335.4100036621094,321.54998779296875,329.739990234375,77370400,328.489990234375,0.0110201078413521,1.10201078413521,326.2659973144531,317.8269989013672,0.017911728728130294,0.04493950010404202,0.019529163320539247,2.1137988195669033,2.0,-0.9138791263103485,0.0,2.0,0.0013550095657464123,1
2025-07-23,332.55999755859375,332.55999755859375,336.20001220703125,328.6700134277344,330.8999938964844,92553800,332.1099853515625,0.0013550095657464123,0.13550095657464123,328.443994140625,321.4949981689453,0.012531827317282085,0.03441732982680423,0.0156772918223781,19.62430076618449,2.0,-0.477819561958313,0.0,1.0,-0.08197020076301287,0
2025-07-24,305.29998779296875,305.29998779296875,310.1499938964844,300.4100036621094,310.0,156966000,332.55999755859375,-0.08197020076301287,-8.197020076301287,325.6219909667969,321.0379974365234,-0.06240979951473957,-0.0490222645581585,0.04343230013843475,69.594333241855,1.0,0.0,0.0,0.0,0.03524405566934252,1
2025-07-25,316.05999755859375,316.05999755859375,323.6300048828125,308.010009765625,308.739990234375,148227000,305.29998779296875,0.03524405566934252,3.524405566934252,322.90399169921875,321.2929962158203,-0.021195136376635726,-0.01628731008413098,0.04418736390469043,-5.567447727533348,2.0,0.35387158393859863,1.0,0.0,0.030152499060024596,1
2025-07-28,325.5899963378906,325.5899963378906,330.489990234375,315.69000244140625,318.45001220703125,112673800,316.05999755859375,0.030152499060024596,3.0152499060024596,322.32399291992186,322.16199645996096,0.010132672372236806,0.010640609120870392,0.04740828981293718,-23.985643641171983,3.0,-0.33098967870076496,1.0,2.0,-0.013483166498468035,0
2025-07-29,321.20001220703125,321.20001220703125,326.25,318.25,325.54998779296875,87358900,325.5899963378906,-0.013483166498468035,-1.3483166498468035,320.1419982910156,323.20399780273436,0.0033048269882225423,-0.006200373786608426,0.04714155174514757,-22.467423660158794,3.0,-0.3217359979947408,0.0,1.0,-0.006724793213012448,0
2025-07-30,319.0400085449219,319.0400085449219,324.45001220703125,311.6199951171875,322.17999267578125,83931900,321.20001220703125,-0.006724793213012448,-0.6724793213012448,317.43800048828126,322.9409973144531,0.005046680152270389,-0.012079571197127326,0.04697571657532824,-3.922897380804935,1.0,0.527089536190033,1.0,0.0,-0.03375758288237862,0
2025-07-31,308.2699890136719,308.2699890136719,321.3699951171875,306.1000061035156,319.6099853515625,85270900,319.0400085449219,-0.03375758288237862,-3.3757582882378623,318.03200073242186,321.8269958496094,-0.03069506117707732,-0.042125138694930175,0.02954562605760731,1.5953409847745625,2.0,-0.7854232788085938,0.0,2.0,-0.01829559909125389,0
2025-08-01,302.6300048828125,302.6300048828125,309.30999755859375,297.82000732421875,306.2099914550781,89121400,308.2699890136719,-0.01829559909125389,-1.829559909125389,315.34600219726565,319.1249969482422,-0.04032395281960355,-0.051688185579849666,0.023747987354568456,4.515608490117962,1.0,-0.7505999803543091,0.0,1.0,0.021907956170373222,1
2025-08-04,309.260009765625,309.260009765625,312.1199951171875,303.0,309.0799865722656,78683900,302.6300048828125,0.021907956170373222,2.190795617037322,312.0800048828125,317.2019989013672,-0.009036128790905429,-0.025037638991082467,0.020458444809040993,-11.711553005226582,3.0,-0.320182998975118,0.0,1.0,-0.0017461311772288823,0
2025-08-05,308.7200012207031,308.7200012207031,312.45001220703125,305.5,308.95001220703125,57961300,309.260009765625,-0.0017461311772288823,-0.17461311772288823,309.58400268554686,314.8630004882813,-0.0027908466114165975,-0.019510070278348834,0.020641537602755916,-26.336518652481633,3.0,-0.3892626166343689,1.0,2.0,0.03624644466558724,1
2025-08-06,319.9100036621094,319.9100036621094,320.4700012207031,306.92999267578125,307.8900146484375,78523600,308.7200012207031,0.03624644466558724,3.624644466558724,309.75800170898435,313.59800109863284,0.03277397806389115,0.020127687489600143,0.028580247807559623,35.47591237601642,2.0,0.0,0.0,0.0,0.007377028928595486,1
2025-08-07,322.2699890136719,322.2699890136719,322.3999938964844,316.1600036621094,319.7900085449219,66658700,319.9100036621094,0.007377028928595486,0.7377028928595486,312.55800170898436,315.2950012207031,0.03107259213197211,0.022122100781694076,0.021048154422770145,-15.109979674900288,2.0,0.0,0.0,0.0,0.02290006868278205,1
2025-08-08,329.6499938964844,329.6499938964844,335.1499938964844,320.9800109863281,321.42999267578125,91200300,322.2699890136719,0.02290006868278205,2.290006868278205,317.9619995117188,316.6540008544922,0.03675909197550142,0.041041619581380306,0.01477138610866654,36.81679960755311,2.0,0.0,0.0,0.0,0.02845443669493286,1
2025-08-11,339.0299987792969,339.0299987792969,346.6400146484375,334.1499938964844,335.0,105320200,329.6499938964844,0.02845443669493286,2.845443669493286,323.91599731445314,317.9980010986328,0.04666025015791764,0.06613877322499451,0.015547563357784235,15.482295562624238,3.0,-0.30243436495463055,0.0,1.0,0.005338753399730889,1
2025-08-12,340.8399963378906,340.8399963378906,345.260009765625,332.94000244140625,345.0,80522100,339.0299987792969,0.005338753399730889,0.5338753399730889,330.3399963378906,319.9619995117188,0.03178543354241614,0.06525148879564746,0.013398753198803381,-23.545435728378795,1.0,0.0,0.0,0.0,-0.004283509772223915,0
2025-08-13,339.3800048828125,339.3800048828125,348.9800109863281,338.20001220703125,341.5,67838900,340.8399963378906,-0.004283509772223915,-0.42835097722239146,334.23399658203124,321.9959991455078,0.015396423922777958,0.05398826626242936,0.013420577947742264,-15.751203706808436,3.0,-0.45022491614023846,0.0,2.0,-0.011196942235471519,0
2025-08-14,335.5799865722656,335.5799865722656,340.4700012207031,330.3999938964844,335.760009765625,75000700,339.3800048828125,-0.011196942235471519,-1.1196942235471519,336.89599609375,324.7269989013672,-0.003906278307677313,0.033421882712607154,0.01707769952445452,10.55706976380808,2.0,0.0,0.0,0.0,-0.014959143019665277,0
2025-08-15,330.55999755859375,330.55999755859375,339.29998779296875,327.0199890136719,337.6600036621094,74319800,335.5799865722656,-0.014959143019665277,-1.4959143019665277,337.0779968261719,327.51999816894534,-0.019336768726970432,0.00928187410431125,0.017345055972740105,-0.9078581933235297,2.0,-0.44843748211860657,0.0,1.0,0.013915797850586165,1
2025-08-18,335.1600036621094,335.1600036621094,336.2699890136719,329.5899963378906,329.6199951171875,56956600,330.55999755859375,0.013915797850586165,1.3915797850586165,336.3039978027344,330.10999755859376,-0.003401666789866864,0.015297949595177718,0.011880936496112124,-23.36281852211658,3.0,0.25351587931315106,1.0,0.0,-0.017454368181154756,0
2025-08-19,329.30999755859375,329.30999755859375,340.54998779296875,327.8500061035156,335.7900085449219,75956000,335.1600036621094,-0.017454368181154756,-1.7454368181154756,333.997998046875,332.1689971923828,-0.014036013735697073,-0.008607063446481655,0.012598583109614786,33.35767935586043,2.0,-0.7386517822742462,0.0,2.0,-0.016428300696053943,0
2025-08-20,323.8999938964844,323.8999938964844,331.3699951171875,314.6000061035156,329.2200012207031,77481800,329.30999755859375,-0.016428300696053943,-1.6428300696053943,330.90199584960936,332.5679962158203,-0.021160349713657545,-0.026063849853161458,0.01315176336328187,2.0087945652746297,1.0,0.0,0.0,0.0,-0.011701168929731831,0
2025-08-21,320.1099853515625,320.1099853515625,324.8999938964844,318.67999267578125,322.0799865722656,55744400,323.8999938964844,-0.011701168929731831,-1.170116892973183,327.80799560546876,332.35199584960935,-0.023483290087808473,-0.03683447264022577,0.013172584578687111,-28.054846428451587,2.0,0.23778149485588074,1.0,0.0,0.062166209505171155,1
2025-08-22,340.010009765625,340.010009765625,340.25,319.69000244140625,321.6600036621094,94016300,320.1099853515625,0.062166209505171155,6.2166209505171155,329.697998046875,333.38799743652345,0.031277143870567015,0.01986277964419636,0.03385159062576996,68.65604437396402,1.0,0.0,0.0,0.0,0.019381771561470362,1
2025-08-25,346.6000061035156,346.6000061035156,349.5299987792969,335.0299987792969,338.8999938964844,86670000,340.010009765625,0.019381771561470362,1.9381771561470362,331.9859985351562,334.14499816894534,0.044019951542660696,0.037274261182485224,0.03425298578119258,-7.813857809762769,3.0,-0.1023218830426534,1.0,1.0,0.01462783391499567,1
2025-08-26,351.6700134277344,351.6700134277344,351.8999938964844,343.7200012207031,344.92999267578125,76651600,346.6000061035156,0.01462783391499567,1.462783391499567,336.4580017089844,335.2279998779297,0.045212215615271445,0.049047256063908584,0.03136482740655133,-11.559247721241494,3.0,-0.18499086300532022,0.0,1.0,-0.0058862207330171445,0
2025-08-27,349.6000061035156,349.6000061035156,355.3900146484375,349.1600036621094,351.94000244140625,65519000,351.6700134277344,-0.0058862207330171445,-0.5886220733017145,341.59800415039064,336.25,0.023425201130865103,0.039702620382202625,0.029114433826565804,-14.523636819061835,3.0,-0.6100815137227377,0.0,2.0,-0.010354676927882056,0
2025-08-28,345.9800109863281,345.9800109863281,353.54998779296875,340.260009765625,350.9100036621094,67903200,349.6000061035156,-0.010354676927882056,-1.0354676927882056,346.7720092773437,337.2900024414063,-0.002283916434507205,0.02576420434054061,0.028801965755528118,3.638944428333768,2.0,-0.2031196653842926,1.0,1.0,-0.03500206799409333,0
2025-08-29,333.8699951171875,333.8699951171875,348.75,331.70001220703125,347.2300109863281,81145700,345.9800109863281,-0.03500206799409333,-3.5002067994093333,345.54400634765625,337.6210021972656,-0.03378444139101455,-0.011110111798929179,0.021778662412777063,19.502026414071793,1.0,0.0,0.0,0.0,-0.01350828116207925,0
2025-09-02,329.3599853515625,329.3599853515625,333.3299865722656,325.6000061035156,328.2300109863281,58392000,333.8699951171875,-0.01350828116207925,-1.350828116207925,342.09600219726565,337.04100036621094,-0.037229364751123484,-0.022789556778856745,0.01775519341960092,-28.040549283572634,3.0,-0.26289381583531696,0.0,1.0,0.014361219324440011,1
2025-09-03,334.0899963378906,334.0899963378906,343.3299865722656,328.510009765625,335.20001220703125,88733300,329.3599853515625,0.014361219324440011,1.436121932444001,338.5799987792969,337.5190002441406,-0.01326127490576623,-0.010159439627901445,0.017662806960945472,51.96139882175641,0.0,0.0,0.0,0.0,0.01328983953448204,1
2025-09-04,338.5299987792969,338.5299987792969,338.8900146484375,331.4800109863281,336.1499938964844,60711000,334.0899963378906,0.01328983953448204,1.328983953448204,336.3659973144531,338.98200073242185,0.006433472711633081,-0.001333409892408377,0.02063274014429666,-31.580364981354236,3.0,0.29752177000045776,1.0,0.0,0.036363092201525005,1
2025-09-05,350.8399963378906,350.8399963378906,355.8699951171875,344.67999267578125,348.0,108989800,338.5299987792969,0.036363092201525005,3.6363092201525005,337.33799438476564,342.0550018310547,0.04002514444822558,0.025682987998447482,0.027679793075965246,79.52232709064255,1.0,0.7666683197021484,1.0,0.0,-0.01265534855703887,0
2025-09-08,346.3999938964844,346.3999938964844,358.44000244140625,344.8399963378906,354.6400146484375,75208300,350.8399963378906,-0.01265534855703887,-1.265534855703887,339.843994140625,342.6940002441406,0.01929120381379046,0.010814293946504794,0.02098355334354352,-30.995102293976128,3.0,-0.5639238357543945,0.0,2.0,0.001645517708609212,1
2025-09-09,346.9700012207031,346.9700012207031,350.7699890136719,343.82000732421875,348.44000244140625,53816000,346.3999938964844,0.001645517708609212,0.1645517708609212,343.3659973144531,342.7309997558594,0.010496100180092949,0.01236830478673756,0.01807009209436529,-28.444068008451197,1.0,0.0,0.0,0.0,0.0023633378140295314,1
2025-09-10,347.7900085449219,347.7900085449219,356.3299865722656,346.07000732421875,350.54998779296875,72121700,346.9700012207031,0.0023633378140295314,0.23633378140295314,346.1059997558594,342.34299926757814,0.004865586815167466,0.01591097025204924,0.01824170803107408,34.01534859521331,2.0,0.0,0.0,0.0,0.06043873744853956,1
2025-09-11,368.80999755859375,368.80999755859375,368.989990234375,347.6000061035156,350.1700134277344,103756000,347.7900085449219,0.06043873744853956,6.043873744853956,352.16199951171876,344.2639984130859,0.047273692419846025,0.07129993045643657,0.029955357305991758,43.8623881577944,2.0,-0.07652440667152405,1.0,1.0,0.07356092584909457,1
2025-09-12,395.94000244140625,395.94000244140625,396.69000244140625,370.239990234375,370.94000244140625,168156400,368.80999755859375,0.07356092584909457,7.356092584909457,361.1820007324219,349.25999755859374,0.09623403613275427,0.1336540262529815,0.03901864387185142,62.06908516134006,1.0,0.0,0.0,0.0,0.03561147147692467,1
2025-09-15,410.0400085449219,410.0400085449219,425.70001220703125,402.42999267578125,423.1300048828125,163823700,395.94000244140625,0.03561147147692467,3.561147147692467,373.9100036621094,356.8769989013672,0.09662754280161501,0.14896731873226643,0.032831922670223036,-2.5765894131891454,3.0,0.3126246730486552,1.0,0.0,0.028241113869250656,1
2025-09-16,421.6199951171875,421.6199951171875,423.25,411.42999267578125,414.5,104285700,410.0400085449219,0.028241113869250656,2.8241113869250656,388.8400024414062,366.1029998779297,0.08430200717509995,0.15164310387450786,0.027920052663673346,-36.34272696807604,3.0,0.3138365149497986,1.0,0.0,0.01005642588937583,1
2025-09-17,425.8599853515625,425.8599853515625,428.30999755859375,409.6700134277344,415.75,106133500,421.6199951171875,0.01005642588937583,1.005642588937583,404.45399780273436,375.2799987792969,0.05292564213759743,0.1347793293988253,0.025424970609208897,1.7718632564196257,3.0,-0.0599477489789327,1.0,1.0,-0.021157139806429193,0
2025-09-18,416.8500061035156,416.8500061035156,432.2200012207031,416.55999755859375,428.8699951171875,90454500,425.8599853515625,-0.021157139806429193,-2.1157139806429193,414.06199951171874,383.11199951171875,0.006733307077405382,0.0880630380536147,0.0347660716083636,-14.772903937022708,2.0,0.0,0.0,0.0,0.022118270566640064,1
2025-09-19,426.07000732421875,426.07000732421875,429.4700012207031,421.7200012207031,421.82000732421875,93131000,416.8500061035156,0.022118270566640064,2.2118270566640064,420.08800048828124,390.63500061035154,0.014239889806384465,0.09071129483661577,0.022263220455220632,2.958946210525726,1.0,0.0,0.0,0.0,0.019104804353584193,1
2025-09-22,434.2099914550781,434.2099914550781,444.9800109863281,429.1300048828125,431.1099853515625,97108800,426.07000732421875,0.019104804353584193,1.9104804353584193,424.9219970703125,399.41600036621094,0.02185811619262612,0.08711216139805567,0.019488901851081066,4.271187896618733,2.0,0.8975854814052582,2.0,0.0,-0.019253323313789705,0
2025-09-23,425.8500061035156,425.8500061035156,440.9700012207031,423.7200012207031,439.8800048828125,83422700,434.2099914550781,-0.019253323313789705,-1.9253323313789705,425.76799926757815,407.3040008544922,0.0001926092051975914,0.04553357003642322,0.020916685751283217,-14.093573393966352,2.0,0.39319950342178345,1.0,0.0,0.03977927016229388,1
2025-09-24,442.7900085449219,442.7900085449219,444.2099914550781,429.0299987792969,429.8299865722656,93133600,425.8500061035156,0.03977927016229388,3.977927016229388,429.15400390625,416.8040008544922,0.03177415220306479,0.06234586913070794,0.02704337545526808,11.640596624180223,1.0,-0.6904654502868652,0.0,1.0,-0.04381307961359793,0
2025-09-25,423.3900146484375,423.3900146484375,435.3500061035156,419.0799865722656,435.239990234375,96746400,442.7900085449219,-0.04381307961359793,-4.381307961359793,430.4620056152344,422.2620025634766,-0.016428838955692027,0.002671355883581583,0.03414139194785002,3.8791585421373176,2.0,-0.7132779955863953,0.0,2.0,0.0401756741055197,1
2025-09-26,440.3999938964844,440.3999938964844,440.4700012207031,421.0199890136719,428.29998779296875,101628200,423.3900146484375,0.0401756741055197,4.01756741055197,433.3280029296875,426.7080017089844,0.016320179907561627,0.0320874980845518,0.03739198072738805,5.045975870936803,2.0,0.3103017508983612,1.0,0.0,0.00638055766924972,1
2025-09-29,443.2099914550781,443.2099914550781,450.9800109863281,439.5,444.3500061035156,79491500,440.3999938964844,0.00638055766924972,0.638055766924972,435.1280029296875,430.025,0.01857381844187267,0.030660988210169604,0.03680751570928353,-21.782044747422468,3.0,0.310895303885142,1.0,0.0,0.0034069849388267404,1
2025-09-30,444.7200012207031,444.7200012207031,445.0,433.1199951171875,441.5199890136719,74358000,443.2099914550781,0.0034069849388267404,0.34069849388267404,438.902001953125,432.3350006103516,0.013255804807651428,0.028646768345997664,0.03444734402663001,-6.45792317417585,2.0,0.0,0.0,0.0,0.033144428390707636,1
2025-10-01,459.4599914550781,459.4599914550781,462.2900085449219,440.75,443.79998779296875,98122300,444.7200012207031,0.033144428390707636,3.3144428390707636,442.2359985351562,435.69500122070315,0.0389475143972311,0.05454501467263051,0.0330746517575409,31.95930498399635,3.0,0.29825560251871747,1.0,0.0,-0.051059922281332826,0
2025-10-02,436.0,436.0,470.75,435.57000732421875,470.5400085449219,137009000,459.4599914550781,-0.051059922281332826,-5.105992228133283,444.75799560546875,437.61000061035156,-0.01969159788470154,-0.0036790763650420555,0.03593974590015827,39.630848441180035,1.0,-0.6379486322402954,0.0,1.0,-0.014151406944344913,0
2025-10-03,429.8299865722656,429.8299865722656,446.7699890136719,416.5799865722656,443.2900085449219,133188200,436.0,-0.014151406944344913,-1.4151406944344913,442.643994140625,437.9859985351562,-0.028948788954512472,-0.01862162715285054,0.031060329268902,-2.788721908779712,0.0,0.0,0.0,0.0,0.054486690457546505,1
2025-10-06,453.25,453.25,453.54998779296875,436.69000244140625,440.75,85324900,429.8299865722656,0.054486690457546505,5.4486690457546505,444.65199584960936,439.88999938964844,0.019336479383078364,0.030371230600579002,0.041088117630793376,-35.936591980370636,3.0,-0.11810870965321858,1.0,1.0,-0.044478772558432134,0
2025-10-07,433.0899963378906,433.0899963378906,452.67999267578125,432.45001220703125,447.82000732421875,102296100,453.25,-0.044478772558432134,-4.447877255843213,442.32599487304685,440.61399841308594,-0.02088052396243878,-0.017076175750869726,0.046786141150225315,19.89009070037,2.0,0.45422035455703735,1.0,0.0,0.012930352007360923,1
2025-10-08,438.69000244140625,438.69000244140625,441.3299865722656,425.2300109863281,437.57000732421875,71192100,433.0899963378906,0.012930352007360923,1.2930352007360923,438.1719970703125,440.20399780273436,0.0011821964309841615,-0.003439303979257735,0.04348657931303247,-30.405851249461126,2.0,0.0,0.0,0.0,-0.007180455170972544,0
2025-10-09,435.5400085449219,435.5400085449219,436.3500061035156,426.17999267578125,431.80999755859375,69339900,438.69000244140625,-0.007180455170972544,-0.7180455170972544,438.0799987792969,441.4189971923828,-0.005798005481767343,-0.013318386124869686,0.03662533206035107,-2.6016931653933484,2.0,0.0,0.0,0.0,-0.05062684914805626,0
2025-10-10,413.489990234375,413.489990234375,443.1300048828125,411.45001220703125,436.5400085449219,112107900,435.5400085449219,-0.05062684914805626,-5.062684914805626,434.81199951171874,438.7279968261719,-0.04903730647104432,-0.05752540702752651,0.04326032110174704,61.67877369306849,1.0,0.0,0.0,0.0,0.054197209585187034,1
2025-10-13,435.8999938964844,435.8999938964844,436.8900146484375,419.70001220703125,423.5299987792969,79552800,413.489990234375,0.054197209585187034,5.419720958518703,431.3419982910156,437.9969970703125,0.010567010918314468,-0.004787711303626763,0.0431575754934001,-29.039077531556657,0.0,0.0,0.0,0.0,-0.015278742269702716,0
2025-10-14,429.239990234375,429.239990234375,434.20001220703125,417.8599853515625,426.7900085449219,72669400,435.8999938964844,-0.015278742269702716,-1.5278742269702716,430.5719970703125,436.44899597167966,-0.003093575162808282,-0.016517407082710878,0.038553558777469965,-8.652618135376756,3.0,-0.47096147139867145,0.0,2.0,0.013768529951932784,1
2025-10-15,435.1499938964844,435.1499938964844,440.510009765625,426.3299865722656,434.8999938964844,71558200,429.239990234375,0.013768529951932784,1.3768529951932784,429.86399536132814,434.0179962158203,0.012296909236869213,0.00260818143610142,0.03863205660932293,-1.529116794689378,0.0,0.0,0.0,0.0,-0.01470755828163206,0
2025-10-16,428.75,428.75,439.3500061035156,421.30999755859375,434.7300109863281,77189900,435.1499938964844,-0.01470755828163206,-1.470755828163206,428.50599365234376,433.2929962158203,0.0005694350867218034,-0.010484813406855698,0.03907604329287638,7.87009734733406,3.0,-0.5008262991905212,0.0,2.0,0.02462973191508744,1
2025-10-17,439.30999755859375,439.30999755859375,441.4599914550781,423.6000061035156,425.5,89331600,428.75,0.02462973191508744,2.462973191508744,433.6699951171875,434.2409973144531,0.013005286288903184,0.011673241991174699,0.02915177618019031,15.729648568012134,0.0,0.0,0.0,0.0,0.018483519979771268,1
2025-10-20,447.42999267578125,447.42999267578125,449.79998779296875,440.6099853515625,443.8699951171875,63719000,439.30999755859375,0.018483519979771268,1.8483519979771268,435.9759948730469,433.65899658203125,0.026272083640911603,0.03175535663341211,0.018992863628331802,-28.67137720582639,3.0,-0.6830702126026154,0.0,3.0,-0.010794954856246153,0
2025-10-21,442.6000061035156,442.6000061035156,449.29998779296875,442.04998779296875,445.760009765625,54412200,447.42999267578125,-0.010794954856246153,-1.0794954856246153,438.647998046875,434.60999755859376,0.00900952033119351,0.018384318330930016,0.017844804860964746,-14.606004488457137,1.0,-0.9366917014122009,0.0,1.0,-0.008201547294971134,0
2025-10-22,438.9700012207031,438.9700012207031,445.5400085449219,429.0,443.45001220703125,84023500,442.6000061035156,-0.008201547294971134,-0.8201547294971134,439.41199951171876,434.63799743652345,-0.0010058858008128446,0.009966923761221214,0.018239149700887292,54.42033220490994,3.0,-0.32420027256011963,0.0,1.0,0.022803402824313368,1
2025-10-23,448.9800109863281,448.9800109863281,449.3999938964844,413.8999938964844,420.0,126709800,438.9700012207031,0.022803402824313368,2.280340282431337,443.4580017089844,435.98199768066405,0.012452158391692558,0.02981318810136857,0.017405140550994756,50.80281111831808,0.0,0.0,0.0,0.0,-0.03398817183887881,0
2025-10-24,433.7200012207031,433.7200012207031,451.67999267578125,430.1700134277344,446.8299865722656,94727800,448.9800109863281,-0.03398817183887881,-3.398817183887881,442.3400024414062,438.0049987792969,-0.01948727488612101,-0.009782987798166443,0.023309120897074105,-25.24035236422124,3.0,-0.17481493949890137,0.0,1.0,0.043115401997602554,1
2025-10-27,452.4200134277344,452.4200134277344,460.1600036621094,438.69000244140625,439.9800109863281,105867500,433.7200012207031,0.043115401997602554,4.311540199760255,443.3380065917969,439.65700073242186,0.020485513763541796,0.02902947678315293,0.030349905168867392,11.759694619742046,3.0,-0.3032940626144409,0.0,1.0,0.017969970655449252,1
2025-10-28,460.54998779296875,460.54998779296875,467.0,451.6000061035156,454.7799987792969,80185700,452.4200134277344,0.017969970655449252,1.7969970655449252,446.9280029296875,442.7880004882812,0.030479148260988076,0.040113976180701894,0.029902139798571634,-24.25843625286325,2.0,-0.7891842126846313,0.0,2.0,0.0020845119924046696,1
2025-10-29,461.510009765625,461.510009765625,465.70001220703125,452.6499938964844,462.5,67983500,460.54998779296875,0.0020845119924046696,0.20845119924046696,451.4360046386719,445.4240020751953,0.022315466696140707,0.036113922050644565,0.028813640350121617,-15.217426548624003,2.0,-0.871911883354187,0.0,2.0,-0.04639120107705208,0
2025-10-30,440.1000061035156,440.1000061035156,455.05999755859375,439.6099853515625,451.04998779296875,72447900,461.510009765625,-0.04639120107705208,-4.639120107705208,449.6600036621094,446.5590026855469,-0.021260502336733267,-0.01446392647598127,0.03685888288470399,6.566887553597556,2.0,0.3996078670024872,1.0,0.0,0.03740057084027071,1
2025-10-31,456.55999755859375,456.55999755859375,458.0,443.69000244140625,446.75,83135800,440.1000061035156,0.03740057084027071,3.740057084027071,454.2280029296875,448.28400268554685,0.005133973717748264,0.018461499458976238,0.03588199701769882,14.752532509568939,2.0,0.0,0.0,0.0,0.02586735066967427,1
2025-11-03,468.3699951171875,468.3699951171875,474.07000732421875,453.79998779296875,455.989990234375,84595200,456.55999755859375,0.02586735066967427,2.586735066967427,457.4179992675781,450.3780029296875,0.0239430802179752,0.03994864773692974,0.032690015106387346,1.7554410975777035,3.0,0.0,0.0,0.0,-0.05147636612701911,0
2025-11-04,444.260009765625,444.260009765625,460.2200012207031,443.6000061035156,454.4599914550781,87756600,468.3699951171875,-0.05147636612701911,-5.147636612701911,454.1600036621094,450.54400329589845,-0.021798471500475536,-0.013947568904044139,0.040812929149898834,3.737091466182485,2.0,0.0,0.0,0.0,0.040089130615176494,1
2025-11-05,462.07000732421875,462.07000732421875,466.3299865722656,440.7099914550781,452.04998779296875,85573000,444.260009765625,0.040089130615176494,4.008913061517649,454.2720031738281,452.85400390625,0.01716593603812,0.020350937252343826,0.04601900107944905,-2.488245898314201,2.0,0.6953592896461487,2.0,0.0,-0.03497306340156037,0
2025-11-06,445.9100036621094,445.9100036621094,467.45001220703125,435.0899963378906,461.9599914550781,109622900,462.07000732421875,-0.03497306340156037,-3.4973063401560367,455.4340026855469,452.5470031738281,-0.02091191910853729,-0.014665878826225276,0.04327475827860187,28.104542320591786,2.0,0.35937511920928955,1.0,0.0,-0.03675632866235745,0
2025-11-07,429.5199890136719,429.5199890136719,439.3599853515625,421.8800048828125,437.9200134277344,103471500,445.9100036621094,-0.03675632866235745,-3.675632866235745,450.0260009765625,452.127001953125,-0.04556628265565166,-0.05000146605222422,0.041366415764972575,-5.611418782024558,1.0,0.0,0.0,0.0,0.03657576451501576,1
2025-11-10,445.2300109863281,445.2300109863281,449.6700134277344,433.3599853515625,439.6000061035156,76515900,429.5199890136719,0.03657576451501576,3.6575764515015763,445.39800415039065,451.4080017089844,-0.0003771753858281546,-0.013686046103008831,0.043976339338667174,-26.051231498528583,3.0,-0.30694297949473065,0.0,1.0,-0.01260026442672324,0
2025-11-11,439.6199951171875,439.6199951171875,442.489990234375,432.3599853515625,439.3999938964844,60533200,445.2300109863281,-0.01260026442672324,-1.260026442672324,444.4700012207031,449.31500244140625,-0.010911886269479254,-0.021577306058199186,0.03763670002153524,-20.888076857228366,2.0,0.0,0.0,0.0,-0.02051769508633805,0
2025-11-12,430.6000061035156,430.6000061035156,442.3299865722656,426.55999755859375,442.1499938964844,58513500,439.6199951171875,-0.02051769508633805,-2.051769508633805,438.1760009765625,446.2240020751953,-0.017289844391665032,-0.03501379553546924,0.02983064684837582,-3.336516159727221,2.0,-0.08814913034439087,1.0,1.0,-0.06644220962287406,0
2025-11-13,401.989990234375,401.989990234375,424.5,396.3399963378906,423.1300048828125,118948000,430.6000061035156,-0.06644220962287406,-6.644220962287406,429.3919982910156,442.4130004882812,-0.06381583300504179,-0.09136939965437785,0.03772757998555274,103.28300306766813,3.0,-0.32357078790664673,0.0,1.0,0.005870832424868633,1
2025-11-14,404.3500061035156,404.3500061035156,412.19000244140625,382.7799987792969,386.29998779296875,105506700,401.989990234375,0.005870832424868633,0.5870832424868633,424.3580017089844,437.19200134277344,-0.04714885904093258,-0.07512030215188814,0.037796067560889275,-11.300147963816121,0.0,0.0,0.0,0.0,0.011302107716671506,1
2025-11-17,408.9200134277344,408.9200134277344,423.9599914550781,398.739990234375,398.739990234375,102214300,404.3500061035156,0.011302107716671506,1.1302107716671506,417.09600219726565,431.24700317382815,-0.019602174862525912,-0.05177308962560867,0.03081794488108473,-3.120560116087412,3.0,0.06284987926483154,1.0,1.0,-0.018756757252943457,0
2025-11-18,401.25,401.25,408.8999938964844,393.7099914550781,405.3800048828125,80688600,408.9200134277344,-0.018756757252943457,-1.8756757252943457,409.4220031738281,426.9460021972656,-0.019959853428684782,-0.060185602078534184,0.030747215936172505,-21.059382102112913,0.0,0.0,0.0,0.0,0.006828636098130891,1
2025-11-19,403.989990234375,403.989990234375,411.7799987792969,398.5,406.17999267578125,72047700,401.25,0.006828636098130891,0.6828636098130891,404.1,421.13800048828125,-0.00027223401540465986,-0.04071826867683348,0.032504590526731464,-10.708947732393426,0.0,0.0,0.0,0.0,-0.02168365419886953,0
2025-11-20,395.2300109863281,395.2300109863281,428.94000244140625,394.739990234375,414.6300048828125,113548800,403.989990234375,-0.02168365419886953,-2.168365419886953,402.7480041503906,416.07000122070315,-0.01866674219757325,-0.05008770200502999,0.015626774496008196,57.60225517261481,3.0,-0.22862968842188516,0.0,1.0,-0.010474950113494086,0
2025-11-21,391.0899963378906,391.0899963378906,402.79998779296875,383.760009765625,402.32000732421875,100460600,395.2300109863281,-0.010474950113494086,-1.0474950113494086,400.09600219726565,412.227001953125,-0.0225096122178563,-0.05127516032449986,0.014925842183380469,-11.526497858189611,2.0,-0.4698571562767029,0.0,1.0,0.0682451678419993,1
2025-11-24,417.7799987792969,417.7799987792969,421.7200012207031,401.0899963378906,402.1700134277344,96806400,391.0899963378906,0.0682451678419993,6.82451678419993,401.8679992675781,409.48200073242185,0.03959508978251325,0.02026462221058023,0.03714508217479786,-3.6374459240737123,3.0,-0.0890035629272461,1.0,1.0,0.0038776272725380423,1
2025-11-25,419.3999938964844,419.3999938964844,420.4800109863281,405.95001220703125,414.4200134277344,71915600,417.7799987792969,0.0038776272725380423,0.38776272725380423,405.497998046875,407.4600006103516,0.03428375951686524,0.029303473391860235,0.03486065442386296,-25.711936400899116,2.0,0.9502629339694977,2.0,0.0,0.017119677587676296,1
2025-11-26,426.5799865722656,426.5799865722656,426.94000244140625,416.8900146484375,423.95001220703125,63463000,419.3999938964844,0.017119677587676296,1.7119677587676296,410.0159973144531,407.05799865722656,0.040398397541326014,0.04795873801629447,0.034977543227690054,-11.753499936036127,2.0,0.2949141263961792,1.0,0.0,0.008415835173881447,1
2025-11-28,430.1700134277344,430.1700134277344,432.92999267578125,426.20001220703125,426.5899963378906,36252900,426.5799865722656,0.008415835173881447,0.8415835173881447,417.0039978027344,409.8760009765625,0.031572876265872685,0.04951256575847274,0.030107663373114425,-42.87553377558577,3.0,-0.21899084250132242,0.0,1.0,-6.973703038437584e-05,0
2025-12-01,430.1400146484375,430.1400146484375,433.6600036621094,425.2900085449219,425.32000732421875,57463600,430.1700134277344,-6.973703038437584e-05,-0.006973703038437584,424.8140014648437,412.4550018310547,0.012537282587741005,0.042877435693280175,0.027980562899712173,58.50759525444862,3.0,-0.7142846385637919,0.0,3.0,-0.0020923987153301793,0
2025-12-02,429.239990234375,429.239990234375,436.79998779296875,422.1199951171875,430.80999755859375,69336600,430.1400146484375,-0.0020923987153301793,-0.20923987153301793,427.1059997558594,414.48699951171875,0.004996395460928671,0.03559337383328276,0.007661677106496311,20.6617754543746,2.0,0.0,0.0,0.0,0.04076973347810542,1
2025-12-03,446.739990234375,446.739990234375,447.9200134277344,431.1099853515625,432.1000061035156,87483000,429.239990234375,0.04076973347810542,4.076973347810542,432.5739990234375,419.03599853515624,0.03274813382893571,0.06611363175494445,0.017375241589148868,26.17145922932478,2.0,-0.45770901441574097,0.0,1.0,0.017437455153354264,1
2025-12-04,454.5299987792969,454.5299987792969,454.6300048828125,445.3900146484375,449.94000244140625,71906500,446.739990234375,0.017437455153354264,1.7437455153354264,438.16400146484375,424.0899993896484,0.037351305127165446,0.0717772157642429,0.0173954309340488,-17.80517357658059,2.0,0.0,0.0,0.0,0.0010340378456106247,1
2025-12-05,455.0,455.0,458.8699951171875,451.6600036621094,453.0299987792969,56427500,454.5299987792969,0.0010340378456106247,0.10340378456106247,443.1299987792969,430.06699829101564,0.026786724558034214,0.05797469186908599,0.018166478196535062,-21.526565748576274,1.0,0.8669540882110596,1.0,0.0,-0.033890139401614006,0
2025-12-08,439.5799865722656,439.5799865722656,449.75,435.25,447.45001220703125,69165800,455.0,-0.033890139401614006,-3.3890139401614006,445.0179931640625,434.91599731445314,-0.012219745438005414,0.01072388527120638,0.027440989452665206,22.574631163882852,3.0,-0.24734145402908325,1.0,2.0,0.01271674558948499,1
2025-12-09,445.1700134277344,445.1700134277344,452.3900146484375,435.70001220703125,437.5400085449219,62367400,439.5799865722656,0.01271674558948499,1.271674558948499,448.20399780273436,437.6549987792969,-0.006769204179065125,0.017171092914277875,0.027330067849597458,-9.829135208441164,2.0,0.0,0.0,0.0,0.014106967203253218,1
2025-12-10,451.45001220703125,451.45001220703125,456.8800048828125,443.6099853515625,446.07000732421875,63257500,445.1700134277344,0.014106967203253218,1.4106967203253218,449.1460021972656,440.86000061035156,0.005129757358396159,0.02402125750128903,0.021144636786553227,1.42718792189509,3.0,0.0,0.0,0.0,-0.010100780674035192,0
2025-12-11,446.8900146484375,446.8900146484375,449.2699890136719,440.3299865722656,448.95001220703125,55979500,451.45001220703125,-0.010100780674035192,-1.0100780674035192,447.6180053710938,442.89100341796876,-0.0016263660396161894,0.0090293349822117,0.019750334579410923,-11.50535509623365,3.0,-0.11807698011398315,1.0,1.0,0.027008830833098685,1
2025-12-12,458.9599914550781,458.9599914550781,463.010009765625,441.6700134277344,448.0899963378906,95656700,446.8900146484375,0.027008830833098685,2.7008830833098685,448.4100036621094,445.77000122070314,0.023527547795116677,0.02958922807334563,0.024090428042571672,70.87808930054753,0.0,0.0,0.0,0.0,0.035624033484225714,1
2025-12-15,475.30999755859375,475.30999755859375,481.7699890136719,467.6600036621094,469.44000244140625,114542200,458.9599914550781,0.035624033484225714,3.5624033484225714,455.556005859375,450.28699951171876,0.043362377940675545,0.055571220297297996,0.017333696456203307,19.742997615431012,3.0,0.2209694782892863,1.0,0.0,0.030653694218629735,1
2025-12-16,489.8800048828125,489.8800048828125,491.5,465.8299865722656,472.2099914550781,107608100,475.30999755859375,0.030653694218629735,3.0653694218629735,464.4980041503906,456.3510009765625,0.054643939275579534,0.07347196310405812,0.018344306469179186,-6.053751368491267,2.0,0.4681312143802643,1.0,0.0,-0.04617456293730249,0
2025-12-17,467.260009765625,467.260009765625,495.2799987792969,466.20001220703125,488.2200012207031,106490400,489.8800048828125,-0.04617456293730249,-4.617456293730249,467.6600036621094,458.4030029296875,-0.00085530918477561,0.01932144156851434,0.034994098432957255,-1.0386764565120998,1.0,0.9430209398269653,1.0,0.0,0.034477560704677446,1
2025-12-18,483.3699951171875,483.3699951171875,490.8599853515625,473.1199951171875,478.1600036621094,95168400,467.260009765625,0.034477560704677446,3.4477560704677446,474.95599975585935,461.28700256347656,0.017715315451648506,0.04787256617028168,0.035098500640861334,-10.631944287935813,3.0,-0.13923853635787964,1.0,2.0,-0.00448927929345333,0
2025-12-19,481.20001220703125,481.20001220703125,490.489990234375,474.7200012207031,488.1199951171875,103305400,483.3699951171875,-0.00448927929345333,-0.448927929345333,479.40400390625,463.90700378417966,0.0037463356295464045,0.03727688584519995,0.03552406303510512,8.55010696827938,0.0,0.0,0.0,0.0,0.01564837611861325,1
2025-12-22,488.7300109863281,488.7300109863281,498.8299865722656,485.3299865722656,489.8800048828125,86916100,481.20001220703125,0.01564837611861325,1.564837611861325,482.0880065917969,468.82200622558594,0.013777576508256173,0.04246388713921201,0.03295479699689142,-15.86490154435296,3.0,0.05507419506708781,1.0,1.0,-0.00648622625268469,0
2025-12-23,485.55999755859375,485.55999755859375,491.9700012207031,482.8399963378906,489.3999938964844,58223600,488.7300109863281,-0.00648622625268469,-0.648622625268469,481.2240051269531,472.8610046386719,0.009010341099872532,0.02685565693797387,0.030074994614317736,-33.011720498273625,3.0,-0.2843778729438782,0.0,1.0,-0.00032952397832164415,0
2025-12-24,485.3999938964844,485.3999938964844,490.8999938964844,476.79998779296875,488.4800109863281,41285400,485.55999755859375,-0.00032952397832164415,-0.032952397832164415,484.852001953125,476.25600280761716,0.0011302251844931277,0.019199739289293305,0.017280730917855328,-29.091639816157024,1.0,0.0,0.0,0.0,-0.021034181259704576,0
2025-12-26,475.19000244140625,475.19000244140625,489.0899963378906,473.82000732421875,485.2300109863281,58780700,485.3999938964844,-0.021034181259704576,-2.1034181259704576,483.21600341796875,479.08600158691405,-0.0166095512561496,-0.008132149828220303,0.013171228204660759,42.37648175868467,3.0,0.0,0.0,0.0,-0.03272372674735757,0
2025-12-29,459.6400146484375,459.6400146484375,469.3999938964844,459.0,469.0,66263000,475.19000244140625,-0.03272372674735757,-3.2723726747357573,478.90400390625,479.15400390625,-0.040225158070684275,-0.04072592339566583,0.018686052760027477,12.729178114585228,3.0,-0.31332361698150635,0.0,1.0,-0.011335005235871831,0
